cell_id,source,T,C,seuil,n_reel,n_synth,part_jamais_atteint,q05,q50,q95,rang,statut
102Ah_25degC_0p5C_cell3,target,25.0,0.5,95.0,693.6,838,0.002,291.0,878.0,3069.0,38.9,ok
102Ah_25degC_1C_cell3,target,25.0,1.0,95.0,741.9,829,0.001,320.0,917.0,2888.0,39.0,ok
102Ah_25degC_1C_cell3,target,25.0,1.0,90.0,1886.2,829,0.013,797.0,2114.0,6260.0,43.2,ok
102Ah_25degC_1C_cell3,target,25.0,1.0,85.0,3332.4,829,0.06,1338.0,3567.0,9549.0,43.3,ok
102Ah_25degC_1C_cell3,target,25.0,1.0,80.0,4329.3,829,0.138,1924.0,4771.0,10460.0,38.0,ok
102Ah_25degC_1C_cell3,target,25.0,1.0,75.0,4882.6,829,0.181,2407.0,5330.0,11043.0,35.8,ok
102Ah_25degC_1C_cell3,target,25.0,1.0,70.0,5142.0,829,0.211,2599.0,5691.0,11077.0,33.3,ok
102Ah_35degC_1C_cell1,target,35.0,1.0,95.0,777.9,404,0.0,275.0,686.0,1874.0,57.9,ok
102Ah_35degC_1C_cell1,target,35.0,1.0,90.0,1913.9,404,0.0,707.0,1570.0,4587.0,61.4,ok
102Ah_35degC_1C_cell1,target,35.0,1.0,85.0,3152.2,404,0.022,1308.0,2730.0,7447.0,58.7,ok
102Ah_35degC_1C_cell1,target,35.0,1.0,80.0,4344.5,404,0.052,1929.0,3901.0,9138.0,55.4,ok
102Ah_35degC_1C_cell1,target,35.0,1.0,75.0,5098.1,404,0.094,2337.0,4534.0,9711.0,53.0,ok
102Ah_35degC_1C_cell1,target,35.0,1.0,70.0,5108.2,404,0.109,2506.0,4982.0,10068.0,46.0,ok
102Ah_45degC_0p5C_cell3,target,45.0,0.5,95.0,493.9,411,0.0,171.0,460.0,1197.0,54.0,ok
102Ah_45degC_0p5C_cell3,target,45.0,0.5,90.0,1409.5,411,0.0,475.0,1078.0,2972.0,66.9,ok
102Ah_45degC_0p5C_cell3,target,45.0,0.5,85.0,2233.9,411,0.002,879.0,1886.0,5608.0,60.6,ok
102Ah_45degC_0p5C_cell3,target,45.0,0.5,80.0,2859.4,411,0.015,1282.0,2674.0,7517.0,54.3,ok
102Ah_45degC_0p5C_cell3,target,45.0,0.5,75.0,3247.2,411,0.024,1581.0,3214.0,8479.0,50.1,ok
102Ah_45degC_0p5C_cell3,target,45.0,0.5,70.0,3544.2,411,0.034,1766.0,3480.0,9118.0,50.4,ok
102Ah_45degC_1C_cell1,target,45.0,1.0,95.0,485.6,407,0.0,169.0,478.0,1168.0,50.6,ok
102Ah_45degC_1C_cell1,target,45.0,1.0,90.0,1407.3,407,0.0,452.0,1134.0,2835.0,66.6,ok
102Ah_45degC_1C_cell1,target,45.0,1.0,85.0,2368.2,407,0.0,824.0,1988.0,5155.0,60.9,ok
102Ah_55degC_1C_cell3,target,55.0,1.0,95.0,339.7,775,0.0,81.0,303.0,826.0,55.9,ok
102Ah_55degC_1C_cell3,target,55.0,1.0,90.0,909.9,775,0.0,239.0,719.0,1880.0,65.2,ok
102Ah_55degC_1C_cell3,target,55.0,1.0,85.0,1489.0,775,0.0,465.0,1266.0,3362.0,60.8,ok
102Ah_55degC_1C_cell3,target,55.0,1.0,80.0,1777.7,775,0.001,704.0,1811.0,4928.0,48.8,ok
102Ah_55degC_1C_cell3,target,55.0,1.0,75.0,2004.6,775,0.003,909.0,2187.0,5476.0,43.7,ok
102Ah_55degC_1C_cell3,target,55.0,1.0,70.0,2218.1,775,0.004,1081.0,2532.0,6235.0,41.4,ok
WHEELER_Cell1a,wheeler,50.0,,95.0,0.0,917,0.0,107.0,352.0,904.0,0.0,HORS ENVELOPPE
WHEELER_Cell1a,wheeler,50.0,,90.0,67.2,917,0.0,287.0,834.0,2094.0,0.0,HORS ENVELOPPE
WHEELER_Cell1a,wheeler,50.0,,85.0,334.1,917,0.0,548.0,1456.0,3691.0,0.5,bordure
WHEELER_Cell1a,wheeler,50.0,,80.0,710.8,917,0.002,853.0,2092.0,5235.0,2.8,bordure
WHEELER_Cell1a,wheeler,50.0,,75.0,1233.9,917,0.007,1121.0,2512.0,5992.0,7.1,ok
WHEELER_Cell1a,wheeler,50.0,,70.0,1766.4,917,0.01,1312.0,2806.0,6613.0,17.0,ok
WHEELER_Cell1b,wheeler,50.0,,95.0,0.0,917,0.0,107.0,352.0,904.0,0.0,HORS ENVELOPPE
WHEELER_Cell1b,wheeler,50.0,,90.0,28.1,917,0.0,287.0,834.0,2094.0,0.0,HORS ENVELOPPE
WHEELER_Cell1b,wheeler,50.0,,85.0,198.9,917,0.0,548.0,1456.0,3691.0,0.1,bordure
WHEELER_Cell1b,wheeler,50.0,,80.0,556.2,917,0.002,853.0,2092.0,5235.0,0.9,bordure
WHEELER_Cell1b,wheeler,50.0,,75.0,964.5,917,0.007,1121.0,2512.0,5992.0,3.1,bordure
WHEELER_Cell1b,wheeler,50.0,,70.0,1234.3,917,0.01,1312.0,2806.0,6613.0,3.9,bordure
WHEELER_Cell1c,wheeler,50.0,,95.0,0.0,917,0.0,107.0,352.0,904.0,0.0,HORS ENVELOPPE
WHEELER_Cell1c,wheeler,50.0,,90.0,94.6,917,0.0,287.0,834.0,2094.0,0.1,bordure
WHEELER_Cell1c,wheeler,50.0,,85.0,325.0,917,0.0,548.0,1456.0,3691.0,0.5,bordure
WHEELER_Cell1c,wheeler,50.0,,80.0,762.4,917,0.002,853.0,2092.0,5235.0,3.6,bordure
WHEELER_Cell1c,wheeler,50.0,,75.0,1267.4,917,0.007,1121.0,2512.0,5992.0,8.4,ok
WHEELER_Cell1c,wheeler,50.0,,70.0,1759.6,917,0.01,1312.0,2806.0,6613.0,16.7,ok
WHEELER_Cell2a,wheeler,50.0,,95.0,0.0,917,0.0,107.0,352.0,904.0,0.0,HORS ENVELOPPE
WHEELER_Cell2a,wheeler,50.0,,90.0,0.0,917,0.0,287.0,834.0,2094.0,0.0,HORS ENVELOPPE
WHEELER_Cell2a,wheeler,50.0,,85.0,125.2,917,0.0,548.0,1456.0,3691.0,0.0,HORS ENVELOPPE
WHEELER_Cell2a,wheeler,50.0,,80.0,409.9,917,0.002,853.0,2092.0,5235.0,0.0,HORS ENVELOPPE
WHEELER_Cell2a,wheeler,50.0,,75.0,908.1,917,0.007,1121.0,2512.0,5992.0,2.0,bordure
WHEELER_Cell2a,wheeler,50.0,,70.0,1186.7,917,0.01,1312.0,2806.0,6613.0,3.3,bordure
WHEELER_Cell2b,wheeler,50.0,,95.0,0.0,917,0.0,107.0,352.0,904.0,0.0,HORS ENVELOPPE
WHEELER_Cell2b,wheeler,50.0,,90.0,6.7,917,0.0,287.0,834.0,2094.0,0.0,HORS ENVELOPPE
WHEELER_Cell2b,wheeler,50.0,,85.0,180.6,917,0.0,548.0,1456.0,3691.0,0.0,HORS ENVELOPPE
WHEELER_Cell2b,wheeler,50.0,,80.0,490.8,917,0.002,853.0,2092.0,5235.0,0.5,bordure
WHEELER_Cell2b,wheeler,50.0,,75.0,1017.9,917,0.007,1121.0,2512.0,5992.0,3.7,bordure
WHEELER_Cell2b,wheeler,50.0,,70.0,1259.8,917,0.01,1312.0,2806.0,6613.0,4.3,bordure
WHEELER_Cell2c,wheeler,50.0,,95.0,0.0,917,0.0,107.0,352.0,904.0,0.0,HORS ENVELOPPE
WHEELER_Cell2c,wheeler,50.0,,90.0,6.2,917,0.0,287.0,834.0,2094.0,0.0,HORS ENVELOPPE
WHEELER_Cell2c,wheeler,50.0,,85.0,214.5,917,0.0,548.0,1456.0,3691.0,0.1,bordure
WHEELER_Cell2c,wheeler,50.0,,80.0,487.5,917,0.002,853.0,2092.0,5235.0,0.4,bordure
WHEELER_Cell2c,wheeler,50.0,,75.0,1026.0,917,0.007,1121.0,2512.0,5992.0,3.7,bordure
WHEELER_Cell2c,wheeler,50.0,,70.0,1397.5,917,0.01,1312.0,2806.0,6613.0,7.1,ok
WHEELER_Cell3a,wheeler,50.0,,95.0,0.0,917,0.0,107.0,352.0,904.0,0.0,HORS ENVELOPPE
WHEELER_Cell3a,wheeler,50.0,,90.0,35.4,917,0.0,287.0,834.0,2094.0,0.0,HORS ENVELOPPE
WHEELER_Cell3a,wheeler,50.0,,85.0,194.4,917,0.0,548.0,1456.0,3691.0,0.1,bordure
WHEELER_Cell3a,wheeler,50.0,,80.0,564.5,917,0.002,853.0,2092.0,5235.0,1.0,bordure
WHEELER_Cell3a,wheeler,50.0,,75.0,965.8,917,0.007,1121.0,2512.0,5992.0,3.1,bordure
WHEELER_Cell3a,wheeler,50.0,,70.0,1419.8,917,0.01,1312.0,2806.0,6613.0,7.9,ok
WHEELER_Cell3b,wheeler,50.0,,95.0,0.0,917,0.0,107.0,352.0,904.0,0.0,HORS ENVELOPPE
WHEELER_Cell3b,wheeler,50.0,,90.0,0.0,917,0.0,287.0,834.0,2094.0,0.0,HORS ENVELOPPE
WHEELER_Cell3b,wheeler,50.0,,85.0,172.9,917,0.0,548.0,1456.0,3691.0,0.0,HORS ENVELOPPE
WHEELER_Cell3b,wheeler,50.0,,80.0,520.9,917,0.002,853.0,2092.0,5235.0,0.5,bordure
WHEELER_Cell3b,wheeler,50.0,,75.0,915.4,917,0.007,1121.0,2512.0,5992.0,2.2,bordure
WHEELER_Cell3b,wheeler,50.0,,70.0,1397.2,917,0.01,1312.0,2806.0,6613.0,7.1,ok
WHEELER_Cell4a,wheeler,50.0,,95.0,0.0,917,0.0,107.0,352.0,904.0,0.0,HORS ENVELOPPE
WHEELER_Cell4a,wheeler,50.0,,90.0,91.1,917,0.0,287.0,834.0,2094.0,0.1,bordure
WHEELER_Cell4a,wheeler,50.0,,85.0,315.3,917,0.0,548.0,1456.0,3691.0,0.4,bordure
WHEELER_Cell4a,wheeler,50.0,,80.0,793.1,917,0.002,853.0,2092.0,5235.0,3.9,bordure
WHEELER_Cell4a,wheeler,50.0,,75.0,1389.7,917,0.007,1121.0,2512.0,5992.0,12.2,ok
WHEELER_Cell4a,wheeler,50.0,,70.0,1838.8,917,0.01,1312.0,2806.0,6613.0,20.0,ok
WHEELER_Cell4b,wheeler,50.0,,95.0,0.0,917,0.0,107.0,352.0,904.0,0.0,HORS ENVELOPPE
WHEELER_Cell4b,wheeler,50.0,,90.0,1.4,917,0.0,287.0,834.0,2094.0,0.0,HORS ENVELOPPE
WHEELER_Cell4b,wheeler,50.0,,85.0,185.1,917,0.0,548.0,1456.0,3691.0,0.0,HORS ENVELOPPE
WHEELER_Cell4b,wheeler,50.0,,80.0,508.2,917,0.002,853.0,2092.0,5235.0,0.5,bordure
WHEELER_Cell4b,wheeler,50.0,,75.0,927.3,917,0.007,1121.0,2512.0,5992.0,2.4,bordure
WHEELER_Cell4b,wheeler,50.0,,70.0,1352.8,917,0.01,1312.0,2806.0,6613.0,5.9,ok
WHEELER_Cell4c,wheeler,50.0,,95.0,0.0,917,0.0,107.0,352.0,904.0,0.0,HORS ENVELOPPE
WHEELER_Cell4c,wheeler,50.0,,90.0,111.5,917,0.0,287.0,834.0,2094.0,0.2,bordure
WHEELER_Cell4c,wheeler,50.0,,85.0,359.4,917,0.0,548.0,1456.0,3691.0,0.8,bordure
WHEELER_Cell4c,wheeler,50.0,,80.0,892.8,917,0.002,853.0,2092.0,5235.0,5.6,ok
WHEELER_Cell4c,wheeler,50.0,,75.0,1425.9,917,0.007,1121.0,2512.0,5992.0,13.3,ok
WHEELER_Cell4c,wheeler,50.0,,70.0,1783.8,917,0.01,1312.0,2806.0,6613.0,17.8,ok
WHEELER_Cell5a,wheeler,50.0,,95.0,0.0,917,0.0,107.0,352.0,904.0,0.0,HORS ENVELOPPE
WHEELER_Cell5a,wheeler,50.0,,90.0,29.0,917,0.0,287.0,834.0,2094.0,0.0,HORS ENVELOPPE
WHEELER_Cell5a,wheeler,50.0,,85.0,195.9,917,0.0,548.0,1456.0,3691.0,0.1,bordure
WHEELER_Cell5a,wheeler,50.0,,80.0,589.8,917,0.002,853.0,2092.0,5235.0,1.0,bordure
WHEELER_Cell5a,wheeler,50.0,,75.0,1090.3,917,0.007,1121.0,2512.0,5992.0,4.6,bordure
WHEELER_Cell5a,wheeler,50.0,,70.0,1461.2,917,0.01,1312.0,2806.0,6613.0,9.1,ok
WHEELER_Cell5b,wheeler,50.0,,95.0,0.0,917,0.0,107.0,352.0,904.0,0.0,HORS ENVELOPPE
WHEELER_Cell5b,wheeler,50.0,,90.0,25.1,917,0.0,287.0,834.0,2094.0,0.0,HORS ENVELOPPE
WHEELER_Cell5b,wheeler,50.0,,85.0,312.8,917,0.0,548.0,1456.0,3691.0,0.3,bordure
WHEELER_Cell5b,wheeler,50.0,,80.0,771.9,917,0.002,853.0,2092.0,5235.0,3.8,bordure
WHEELER_Cell5b,wheeler,50.0,,75.0,1218.4,917,0.007,1121.0,2512.0,5992.0,6.5,ok
WHEELER_Cell5b,wheeler,50.0,,70.0,1587.2,917,0.01,1312.0,2806.0,6613.0,12.1,ok
WHEELER_Cell5c,wheeler,50.0,,95.0,0.0,917,0.0,107.0,352.0,904.0,0.0,HORS ENVELOPPE
WHEELER_Cell5c,wheeler,50.0,,90.0,0.0,917,0.0,287.0,834.0,2094.0,0.0,HORS ENVELOPPE
WHEELER_Cell5c,wheeler,50.0,,85.0,164.7,917,0.0,548.0,1456.0,3691.0,0.0,HORS ENVELOPPE
WHEELER_Cell5c,wheeler,50.0,,80.0,583.8,917,0.002,853.0,2092.0,5235.0,1.0,bordure
WHEELER_Cell5c,wheeler,50.0,,75.0,1051.9,917,0.007,1121.0,2512.0,5992.0,4.1,bordure
WHEELER_Cell5c,wheeler,50.0,,70.0,1409.3,917,0.01,1312.0,2806.0,6613.0,7.3,ok
WHEELER_Cell6a,wheeler,50.0,,95.0,0.0,917,0.0,107.0,352.0,904.0,0.0,HORS ENVELOPPE
WHEELER_Cell6a,wheeler,50.0,,90.0,44.3,917,0.0,287.0,834.0,2094.0,0.0,HORS ENVELOPPE
WHEELER_Cell6a,wheeler,50.0,,85.0,309.3,917,0.0,548.0,1456.0,3691.0,0.3,bordure
WHEELER_Cell6a,wheeler,50.0,,80.0,783.8,917,0.002,853.0,2092.0,5235.0,3.9,bordure
WHEELER_Cell6a,wheeler,50.0,,75.0,1424.7,917,0.007,1121.0,2512.0,5992.0,13.3,ok
WHEELER_Cell6a,wheeler,50.0,,70.0,2034.2,917,0.01,1312.0,2806.0,6613.0,26.0,ok
WHEELER_Cell6b,wheeler,50.0,,95.0,0.0,917,0.0,107.0,352.0,904.0,0.0,HORS ENVELOPPE
WHEELER_Cell6b,wheeler,50.0,,90.0,94.9,917,0.0,287.0,834.0,2094.0,0.1,bordure
WHEELER_Cell6b,wheeler,50.0,,85.0,398.8,917,0.0,548.0,1456.0,3691.0,1.3,bordure
WHEELER_Cell6b,wheeler,50.0,,80.0,1018.4,917,0.002,853.0,2092.0,5235.0,9.3,ok
WHEELER_Cell6b,wheeler,50.0,,75.0,1752.5,917,0.007,1121.0,2512.0,5992.0,26.0,ok
WHEELER_Cell6b,wheeler,50.0,,70.0,2394.9,917,0.01,1312.0,2806.0,6613.0,37.9,ok
WHEELER_Cell6c,wheeler,50.0,,95.0,0.0,917,0.0,107.0,352.0,904.0,0.0,HORS ENVELOPPE
WHEELER_Cell6c,wheeler,50.0,,90.0,60.8,917,0.0,287.0,834.0,2094.0,0.0,HORS ENVELOPPE
WHEELER_Cell6c,wheeler,50.0,,85.0,402.5,917,0.0,548.0,1456.0,3691.0,1.4,bordure
WHEELER_Cell6c,wheeler,50.0,,80.0,1085.4,917,0.002,853.0,2092.0,5235.0,11.5,ok
WHEELER_Cell6c,wheeler,50.0,,75.0,1938.3,917,0.007,1121.0,2512.0,5992.0,31.6,ok
WHEELER_Cell6c,wheeler,50.0,,70.0,2543.2,917,0.01,1312.0,2806.0,6613.0,41.9,ok
WHEELER_Cell7a,wheeler,50.0,,95.0,0.0,917,0.0,107.0,352.0,904.0,0.0,HORS ENVELOPPE
WHEELER_Cell7a,wheeler,50.0,,90.0,0.0,917,0.0,287.0,834.0,2094.0,0.0,HORS ENVELOPPE
WHEELER_Cell7a,wheeler,50.0,,85.0,182.2,917,0.0,548.0,1456.0,3691.0,0.0,HORS ENVELOPPE
WHEELER_Cell7a,wheeler,50.0,,80.0,478.0,917,0.002,853.0,2092.0,5235.0,0.4,bordure
WHEELER_Cell7a,wheeler,50.0,,75.0,731.1,917,0.007,1121.0,2512.0,5992.0,1.0,bordure
WHEELER_Cell7a,wheeler,50.0,,70.0,876.9,917,0.01,1312.0,2806.0,6613.0,1.0,bordure
WHEELER_Cell7b,wheeler,50.0,,95.0,0.0,917,0.0,107.0,352.0,904.0,0.0,HORS ENVELOPPE
WHEELER_Cell7b,wheeler,50.0,,90.0,101.8,917,0.0,287.0,834.0,2094.0,0.1,bordure
WHEELER_Cell7b,wheeler,50.0,,85.0,288.5,917,0.0,548.0,1456.0,3691.0,0.2,bordure
WHEELER_Cell7b,wheeler,50.0,,80.0,614.0,917,0.002,853.0,2092.0,5235.0,1.1,bordure
WHEELER_Cell7b,wheeler,50.0,,75.0,955.2,917,0.007,1121.0,2512.0,5992.0,2.8,bordure
WHEELER_Cell7b,wheeler,50.0,,70.0,1320.3,917,0.01,1312.0,2806.0,6613.0,5.1,ok
WHEELER_Cell7c,wheeler,50.0,,95.0,0.0,917,0.0,107.0,352.0,904.0,0.0,HORS ENVELOPPE
WHEELER_Cell7c,wheeler,50.0,,90.0,71.1,917,0.0,287.0,834.0,2094.0,0.0,HORS ENVELOPPE
WHEELER_Cell7c,wheeler,50.0,,85.0,256.8,917,0.0,548.0,1456.0,3691.0,0.1,bordure
WHEELER_Cell7c,wheeler,50.0,,80.0,566.9,917,0.002,853.0,2092.0,5235.0,1.0,bordure
WHEELER_Cell7c,wheeler,50.0,,75.0,879.4,917,0.007,1121.0,2512.0,5992.0,1.7,bordure
WHEELER_Cell7c,wheeler,50.0,,70.0,1152.9,917,0.01,1312.0,2806.0,6613.0,3.3,bordure
SNL_18650_LFP_25C_0-100_0.5-0.5C_a,snl,25.0,0.5,95.0,230.4,1667,0.002,303.0,899.0,3002.0,1.8,bordure
SNL_18650_LFP_25C_0-100_0.5-0.5C_a,snl,25.0,0.5,90.0,1790.2,1667,0.015,773.0,2081.0,6394.0,40.4,ok
SNL_18650_LFP_25C_0-100_0.5-1C_a,snl,25.0,1.0,95.0,1.0,1667,0.002,303.0,899.0,3002.0,0.0,HORS ENVELOPPE
SNL_18650_LFP_25C_0-100_0.5-1C_a,snl,25.0,1.0,90.0,1505.0,1667,0.015,773.0,2081.0,6394.0,31.1,ok
SNL_18650_LFP_25C_0-100_0.5-1C_b,snl,25.0,1.0,95.0,1.0,1667,0.002,303.0,899.0,3002.0,0.0,HORS ENVELOPPE
SNL_18650_LFP_25C_0-100_0.5-1C_b,snl,25.0,1.0,90.0,1756.0,1667,0.015,773.0,2081.0,6394.0,39.1,ok
SNL_18650_LFP_25C_0-100_0.5-1C_c,snl,25.0,1.0,95.0,172.0,1667,0.002,303.0,899.0,3002.0,0.7,bordure
SNL_18650_LFP_25C_0-100_0.5-1C_c,snl,25.0,1.0,90.0,2168.0,1667,0.015,773.0,2081.0,6394.0,51.3,ok
SNL_18650_LFP_25C_0-100_0.5-1C_d,snl,25.0,1.0,95.0,133.0,1667,0.002,303.0,899.0,3002.0,0.1,bordure
SNL_18650_LFP_25C_0-100_0.5-1C_d,snl,25.0,1.0,90.0,2160.0,1667,0.015,773.0,2081.0,6394.0,51.2,ok
SNL_18650_LFP_25C_0-100_0.5-2C_a,snl,25.0,2.0,95.0,1.0,1667,0.002,303.0,899.0,3002.0,0.0,HORS ENVELOPPE
SNL_18650_LFP_25C_0-100_0.5-2C_a,snl,25.0,2.0,90.0,1221.1,1667,0.015,773.0,2081.0,6394.0,20.3,ok
SNL_18650_LFP_25C_0-100_0.5-2C_b,snl,25.0,2.0,95.0,1.0,1667,0.002,303.0,899.0,3002.0,0.0,HORS ENVELOPPE
SNL_18650_LFP_25C_0-100_0.5-2C_b,snl,25.0,2.0,90.0,1409.0,1667,0.015,773.0,2081.0,6394.0,27.7,ok
SNL_18650_LFP_25C_0-100_0.5-2C_b,snl,25.0,2.0,85.0,3885.0,1667,0.062,1371.0,3516.0,9389.0,52.4,ok
SNL_18650_LFP_25C_0-100_0.5-3C_a,snl,25.0,3.0,95.0,1.0,1667,0.002,303.0,899.0,3002.0,0.0,HORS ENVELOPPE
SNL_18650_LFP_25C_0-100_0.5-3C_a,snl,25.0,3.0,90.0,942.0,1667,0.015,773.0,2081.0,6394.0,9.6,ok
SNL_18650_LFP_25C_0-100_0.5-3C_a,snl,25.0,3.0,85.0,2252.0,1667,0.062,1371.0,3516.0,9389.0,22.4,ok
SNL_18650_LFP_25C_0-100_0.5-3C_a,snl,25.0,3.0,80.0,3197.0,1667,0.136,1964.0,4738.0,10471.0,22.4,ok
SNL_18650_LFP_25C_0-100_0.5-3C_a,snl,25.0,3.0,75.0,4106.0,1667,0.183,2383.0,5299.0,10872.0,26.8,ok
SNL_18650_LFP_25C_0-100_0.5-3C_b,snl,25.0,3.0,95.0,4.4,1667,0.002,303.0,899.0,3002.0,0.0,HORS ENVELOPPE
SNL_18650_LFP_25C_0-100_0.5-3C_b,snl,25.0,3.0,90.0,1007.0,1667,0.015,773.0,2081.0,6394.0,12.1,ok
SNL_18650_LFP_25C_0-100_0.5-3C_b,snl,25.0,3.0,85.0,1972.0,1667,0.062,1371.0,3516.0,9389.0,16.4,ok
SNL_18650_LFP_25C_0-100_0.5-3C_b,snl,25.0,3.0,80.0,2902.0,1667,0.136,1964.0,4738.0,10471.0,17.4,ok
SNL_18650_LFP_25C_0-100_0.5-3C_b,snl,25.0,3.0,75.0,3764.0,1667,0.183,2383.0,5299.0,10872.0,21.7,ok
SNL_18650_LFP_25C_0-100_0.5-3C_c,snl,25.0,3.0,95.0,1.0,1667,0.002,303.0,899.0,3002.0,0.0,HORS ENVELOPPE
SNL_18650_LFP_25C_0-100_0.5-3C_c,snl,25.0,3.0,90.0,321.9,1667,0.015,773.0,2081.0,6394.0,0.1,bordure
SNL_18650_LFP_25C_0-100_0.5-3C_c,snl,25.0,3.0,85.0,1522.0,1667,0.062,1371.0,3516.0,9389.0,6.5,ok
SNL_18650_LFP_25C_0-100_0.5-3C_c,snl,25.0,3.0,80.0,2325.0,1667,0.136,1964.0,4738.0,10471.0,8.2,ok
SNL_18650_LFP_25C_0-100_0.5-3C_c,snl,25.0,3.0,75.0,2975.0,1667,0.183,2383.0,5299.0,10872.0,10.9,ok
SNL_18650_LFP_25C_0-100_0.5-3C_c,snl,25.0,3.0,70.0,3520.0,1667,0.211,2604.0,5644.0,10927.0,13.0,ok
SNL_18650_LFP_25C_0-100_0.5-3C_d,snl,25.0,3.0,95.0,75.0,1667,0.002,303.0,899.0,3002.0,0.0,HORS ENVELOPPE
SNL_18650_LFP_25C_0-100_0.5-3C_d,snl,25.0,3.0,90.0,1308.0,1667,0.015,773.0,2081.0,6394.0,22.7,ok
SNL_18650_LFP_25C_0-100_0.5-3C_d,snl,25.0,3.0,85.0,2311.0,1667,0.062,1371.0,3516.0,9389.0,23.5,ok
SNL_18650_LFP_25C_0-100_0.5-3C_d,snl,25.0,3.0,80.0,3139.0,1667,0.136,1964.0,4738.0,10471.0,20.8,ok
SNL_18650_LFP_25C_0-100_0.5-3C_d,snl,25.0,3.0,75.0,3843.0,1667,0.183,2383.0,5299.0,10872.0,22.8,ok
SNL_18650_LFP_35C_0-100_0.5-1C_a,snl,35.0,1.0,95.0,234.0,788,0.0,264.0,696.0,1945.0,2.7,bordure
SNL_18650_LFP_35C_0-100_0.5-1C_a,snl,35.0,1.0,90.0,870.5,788,0.001,709.0,1577.0,4915.0,11.2,ok
SNL_18650_LFP_35C_0-100_0.5-1C_a,snl,35.0,1.0,85.0,2613.6,788,0.027,1299.0,2756.0,7798.0,45.1,ok
SNL_18650_LFP_35C_0-100_0.5-1C_b,snl,35.0,1.0,95.0,3.0,788,0.0,264.0,696.0,1945.0,0.0,HORS ENVELOPPE
SNL_18650_LFP_35C_0-100_0.5-1C_b,snl,35.0,1.0,90.0,321.8,788,0.001,709.0,1577.0,4915.0,0.1,bordure
SNL_18650_LFP_35C_0-100_0.5-1C_b,snl,35.0,1.0,85.0,1318.3,788,0.027,1299.0,2756.0,7798.0,5.3,ok
SNL_18650_LFP_35C_0-100_0.5-1C_b,snl,35.0,1.0,80.0,3161.4,788,0.065,1907.0,3901.0,9138.0,33.0,ok
SNL_18650_LFP_35C_0-100_0.5-1C_c,snl,35.0,1.0,95.0,30.0,788,0.0,264.0,696.0,1945.0,0.0,HORS ENVELOPPE
SNL_18650_LFP_35C_0-100_0.5-1C_c,snl,35.0,1.0,90.0,519.5,788,0.001,709.0,1577.0,4915.0,1.1,bordure
SNL_18650_LFP_35C_0-100_0.5-1C_c,snl,35.0,1.0,85.0,2090.4,788,0.027,1299.0,2756.0,7798.0,29.6,ok
SNL_18650_LFP_35C_0-100_0.5-1C_d,snl,35.0,1.0,95.0,65.0,788,0.0,264.0,696.0,1945.0,0.0,HORS ENVELOPPE
SNL_18650_LFP_35C_0-100_0.5-1C_d,snl,35.0,1.0,90.0,682.0,788,0.001,709.0,1577.0,4915.0,4.3,bordure
SNL_18650_LFP_35C_0-100_0.5-1C_d,snl,35.0,1.0,85.0,2474.5,788,0.027,1299.0,2756.0,7798.0,41.5,ok
SNL_18650_LFP_35C_0-100_0.5-2C_a,snl,35.0,2.0,95.0,111.0,788,0.0,264.0,696.0,1945.0,0.3,bordure
SNL_18650_LFP_35C_0-100_0.5-2C_a,snl,35.0,2.0,90.0,982.2,788,0.001,709.0,1577.0,4915.0,18.9,ok
SNL_18650_LFP_35C_0-100_0.5-2C_a,snl,35.0,2.0,85.0,2381.7,788,0.027,1299.0,2756.0,7798.0,38.8,ok
SNL_18650_LFP_35C_0-100_0.5-2C_a,snl,35.0,2.0,80.0,3823.5,788,0.065,1907.0,3901.0,9138.0,45.4,ok
SNL_18650_LFP_35C_0-100_0.5-2C_b,snl,35.0,2.0,95.0,1.0,788,0.0,264.0,696.0,1945.0,0.0,HORS ENVELOPPE
SNL_18650_LFP_35C_0-100_0.5-2C_b,snl,35.0,2.0,90.0,323.7,788,0.001,709.0,1577.0,4915.0,0.1,bordure
SNL_18650_LFP_35C_0-100_0.5-2C_b,snl,35.0,2.0,85.0,1591.5,788,0.027,1299.0,2756.0,7798.0,11.8,ok
SNL_18650_LFP_35C_0-100_0.5-2C_b,snl,35.0,2.0,80.0,2650.3,788,0.065,1907.0,3901.0,9138.0,19.4,ok
SNL_18650_LFP_35C_0-100_0.5-2C_b,snl,35.0,2.0,75.0,3509.9,788,0.094,2326.0,4581.0,9763.0,27.3,ok
