cell_id,source,T,C,cycle,n_synth,rang,soh_reel,q05,q50,q95,statut
102Ah_25degC_0p5C_cell3,target,25.0,0.5,250.0,838,29.1,97.91,95.53,98.87,101.05,ok
102Ah_25degC_0p5C_cell3,target,25.0,0.5,500.0,838,38.7,96.23,92.47,97.06,100.0,ok
102Ah_25degC_0p5C_cell3,target,25.0,0.5,1000.0,838,43.6,93.79,87.98,94.44,98.67,ok
102Ah_25degC_1C_cell3,target,25.0,1.0,250.0,829,30.3,98.05,95.97,98.93,101.12,ok
102Ah_25degC_1C_cell3,target,25.0,1.0,500.0,829,35.0,96.27,92.91,97.23,100.13,ok
102Ah_25degC_1C_cell3,target,25.0,1.0,1000.0,829,42.6,93.83,88.15,94.59,98.73,ok
102Ah_25degC_1C_cell3,target,25.0,1.0,1500.0,829,43.9,91.72,84.3,92.33,97.61,ok
102Ah_25degC_1C_cell3,target,25.0,1.0,2000.0,829,37.4,88.98,80.17,90.51,96.68,ok
102Ah_25degC_1C_cell3,target,25.0,1.0,3000.0,829,42.9,86.17,62.83,87.24,94.97,ok
102Ah_25degC_1C_cell3,target,25.0,1.0,4000.0,829,39.8,81.9,14.25,84.36,93.38,ok
102Ah_25degC_1C_cell3,target,25.0,1.0,5000.0,829,34.3,72.85,0.5,81.41,92.25,ok
102Ah_35degC_1C_cell1,target,35.0,1.0,250.0,404,47.5,98.12,95.35,98.27,100.62,ok
102Ah_35degC_1C_cell1,target,35.0,1.0,500.0,404,53.5,96.41,92.09,96.11,99.41,ok
102Ah_35degC_1C_cell1,target,35.0,1.0,1000.0,404,59.7,94.03,87.15,93.02,97.42,ok
102Ah_35degC_1C_cell1,target,35.0,1.0,1500.0,404,63.1,92.03,83.84,90.33,96.02,ok
102Ah_35degC_1C_cell1,target,35.0,1.0,2000.0,404,60.9,89.63,79.46,88.16,94.62,ok
102Ah_35degC_1C_cell1,target,35.0,1.0,3000.0,404,60.1,85.78,57.12,84.16,92.49,ok
102Ah_35degC_1C_cell1,target,35.0,1.0,4000.0,404,57.2,81.66,0.5,80.24,90.78,ok
102Ah_35degC_1C_cell1,target,35.0,1.0,5000.0,404,52.2,75.84,0.5,74.04,89.4,ok
102Ah_45degC_0p5C_cell3,target,45.0,0.5,250.0,411,40.6,96.9,93.47,97.21,100.01,ok
102Ah_45degC_0p5C_cell3,target,45.0,0.5,500.0,411,58.2,95.17,89.72,94.61,98.18,ok
102Ah_45degC_0p5C_cell3,target,45.0,0.5,1000.0,411,69.3,92.52,83.73,90.63,95.82,ok
102Ah_45degC_0p5C_cell3,target,45.0,0.5,1500.0,411,65.7,89.46,76.79,87.29,94.01,ok
102Ah_45degC_0p5C_cell3,target,45.0,0.5,2000.0,411,62.3,86.48,57.64,84.26,92.66,ok
102Ah_45degC_0p5C_cell3,target,45.0,0.5,3000.0,411,51.1,78.2,0.5,77.78,89.91,ok
102Ah_45degC_0p5C_cell3,target,45.0,0.5,4000.0,411,48.2,62.2,0.5,63.15,87.9,ok
102Ah_45degC_1C_cell1,target,45.0,1.0,250.0,407,37.6,96.78,93.34,97.34,99.9,ok
102Ah_45degC_1C_cell1,target,45.0,1.0,500.0,407,52.3,94.98,89.35,94.79,98.13,ok
102Ah_45degC_1C_cell1,target,45.0,1.0,1000.0,407,65.6,92.21,82.93,90.84,95.64,ok
102Ah_45degC_1C_cell1,target,45.0,1.0,1500.0,407,66.8,89.65,75.77,87.83,94.01,ok
102Ah_45degC_1C_cell1,target,45.0,1.0,2000.0,407,64.6,87.16,49.4,84.93,92.45,ok
102Ah_55degC_1C_cell3,target,55.0,1.0,250.0,775,52.5,95.98,89.73,95.78,99.26,ok
102Ah_55degC_1C_cell3,target,55.0,1.0,500.0,775,59.2,93.35,84.33,92.6,97.16,ok
102Ah_55degC_1C_cell3,target,55.0,1.0,1000.0,775,65.0,89.27,72.5,87.38,94.02,ok
102Ah_55degC_1C_cell3,target,55.0,1.0,1500.0,775,62.2,85.08,1.87,82.83,91.87,ok
102Ah_55degC_1C_cell3,target,55.0,1.0,2000.0,775,44.4,75.17,0.5,77.7,89.4,ok
WHEELER_Cell1a,wheeler,50.0,,250.0,917,45.0,86.03,3.06,6.05,11.44,ok
WHEELER_Cell1a,wheeler,50.0,,500.0,917,55.3,82.15,5.16,9.26,16.44,ok
WHEELER_Cell1a,wheeler,50.0,,1000.0,917,55.1,77.34,8.11,13.77,25.19,ok
WHEELER_Cell1a,wheeler,50.0,,1500.0,917,55.8,73.05,10.17,17.59,41.47,ok
WHEELER_Cell1a,wheeler,50.0,,2000.0,917,56.6,67.88,12.17,21.49,101.41,ok
WHEELER_Cell1a,wheeler,50.0,,3000.0,917,44.2,59.99,15.84,35.19,102.1,ok
WHEELER_Cell1b,wheeler,50.0,,250.0,917,54.9,84.25,3.06,6.05,11.44,ok
WHEELER_Cell1b,wheeler,50.0,,500.0,917,55.1,80.93,5.16,9.26,16.44,ok
WHEELER_Cell1b,wheeler,50.0,,1000.0,917,64.9,74.55,8.11,13.77,25.19,ok
WHEELER_Cell1b,wheeler,50.0,,1500.0,917,73.2,67.26,10.17,17.59,41.47,ok
WHEELER_Cell1b,wheeler,50.0,,2000.0,917,69.5,61.2,12.17,21.49,101.41,ok
WHEELER_Cell1b,wheeler,50.0,,3000.0,917,53.4,52.73,15.84,35.19,102.1,ok
WHEELER_Cell1c,wheeler,50.0,,250.0,917,64.3,86.21,3.06,6.05,11.44,ok
WHEELER_Cell1c,wheeler,50.0,,500.0,917,65.5,82.68,5.16,9.26,16.44,ok
WHEELER_Cell1c,wheeler,50.0,,1000.0,917,60.1,77.88,8.11,13.77,25.19,ok
WHEELER_Cell1c,wheeler,50.0,,1500.0,917,61.3,73.11,10.17,17.59,41.47,ok
WHEELER_Cell1c,wheeler,50.0,,2000.0,917,60.5,67.72,12.17,21.49,101.41,ok
WHEELER_Cell1c,wheeler,50.0,,3000.0,917,47.7,59.39,15.84,35.19,102.1,ok
WHEELER_Cell2a,wheeler,50.0,,250.0,917,51.0,82.25,3.06,6.05,11.44,ok
WHEELER_Cell2a,wheeler,50.0,,500.0,917,55.2,78.66,5.16,9.26,16.44,ok
WHEELER_Cell2a,wheeler,50.0,,1000.0,917,50.6,74.55,8.11,13.77,25.19,ok
WHEELER_Cell2a,wheeler,50.0,,1500.0,917,66.0,67.16,10.17,17.59,41.47,ok
WHEELER_Cell2a,wheeler,50.0,,2000.0,917,65.6,60.6,12.17,21.49,101.41,ok
WHEELER_Cell2a,wheeler,50.0,,3000.0,917,52.0,51.57,15.84,35.19,102.1,ok
WHEELER_Cell2b,wheeler,50.0,,250.0,917,57.5,83.64,3.06,6.05,11.44,ok
WHEELER_Cell2b,wheeler,50.0,,500.0,917,63.2,79.86,5.16,9.26,16.44,ok
WHEELER_Cell2b,wheeler,50.0,,1000.0,917,57.1,75.4,8.11,13.77,25.19,ok
WHEELER_Cell2b,wheeler,50.0,,1500.0,917,71.2,67.52,10.17,17.59,41.47,ok
WHEELER_Cell2b,wheeler,50.0,,2000.0,917,70.0,60.56,12.17,21.49,101.41,ok
WHEELER_Cell2b,wheeler,50.0,,3000.0,917,55.9,50.79,15.84,35.19,102.1,ok
WHEELER_Cell2c,wheeler,50.0,,250.0,917,50.1,84.09,3.06,6.05,11.44,ok
WHEELER_Cell2c,wheeler,50.0,,500.0,917,63.1,79.81,5.16,9.26,16.44,ok
WHEELER_Cell2c,wheeler,50.0,,1000.0,917,56.1,75.54,8.11,13.77,25.19,ok
WHEELER_Cell2c,wheeler,50.0,,1500.0,917,65.4,69.07,10.17,17.59,41.47,ok
WHEELER_Cell2c,wheeler,50.0,,2000.0,917,65.0,62.8,12.17,21.49,101.41,ok
WHEELER_Cell2c,wheeler,50.0,,3000.0,917,52.0,53.33,15.84,35.19,102.1,ok
WHEELER_Cell3a,wheeler,50.0,,250.0,917,68.3,83.91,3.06,6.05,11.44,ok
WHEELER_Cell3a,wheeler,50.0,,500.0,917,65.4,80.67,5.16,9.26,16.44,ok
WHEELER_Cell3a,wheeler,50.0,,1000.0,917,67.8,74.68,8.11,13.77,25.19,ok
WHEELER_Cell3a,wheeler,50.0,,1500.0,917,69.6,69.06,10.17,17.59,41.47,ok
WHEELER_Cell3a,wheeler,50.0,,2000.0,917,67.9,62.71,12.17,21.49,101.41,ok
WHEELER_Cell3a,wheeler,50.0,,3000.0,917,52.9,53.95,15.84,35.19,102.1,ok
WHEELER_Cell3b,wheeler,50.0,,250.0,917,55.7,83.5,3.06,6.05,11.44,ok
WHEELER_Cell3b,wheeler,50.0,,500.0,917,55.5,80.22,5.16,9.26,16.44,ok
WHEELER_Cell3b,wheeler,50.0,,1000.0,917,62.5,74.24,8.11,13.77,25.19,ok
WHEELER_Cell3b,wheeler,50.0,,1500.0,917,65.9,68.76,10.17,17.59,41.47,ok
WHEELER_Cell3b,wheeler,50.0,,2000.0,917,63.5,63.09,12.17,21.49,101.41,ok
WHEELER_Cell3b,wheeler,50.0,,3000.0,917,49.0,55.29,15.84,35.19,102.1,ok
WHEELER_Cell4a,wheeler,50.0,,250.0,917,50.7,86.18,3.06,6.05,11.44,ok
WHEELER_Cell4a,wheeler,50.0,,500.0,917,50.3,82.96,5.16,9.26,16.44,ok
WHEELER_Cell4a,wheeler,50.0,,1000.0,917,54.1,77.98,8.11,13.77,25.19,ok
WHEELER_Cell4a,wheeler,50.0,,1500.0,917,55.5,73.57,10.17,17.59,41.47,ok
WHEELER_Cell4a,wheeler,50.0,,2000.0,917,55.4,68.78,12.17,21.49,101.41,ok
WHEELER_Cell4a,wheeler,50.0,,3000.0,917,46.3,59.08,15.84,35.19,102.1,ok
WHEELER_Cell4a,wheeler,50.0,,4000.0,917,36.2,51.53,18.55,53.51,102.35,ok
WHEELER_Cell4b,wheeler,50.0,,250.0,917,56.1,83.58,3.06,6.05,11.44,ok
WHEELER_Cell4b,wheeler,50.0,,500.0,917,58.7,80.1,5.16,9.26,16.44,ok
WHEELER_Cell4b,wheeler,50.0,,1000.0,917,65.6,73.88,8.11,13.77,25.19,ok
WHEELER_Cell4b,wheeler,50.0,,1500.0,917,72.4,67.08,10.17,17.59,41.47,ok
WHEELER_Cell4b,wheeler,50.0,,2000.0,917,69.4,60.65,12.17,21.49,101.41,ok
WHEELER_Cell4b,wheeler,50.0,,3000.0,917,56.9,49.98,15.84,35.19,102.1,ok
WHEELER_Cell4b,wheeler,50.0,,4000.0,917,43.6,42.56,18.55,53.51,102.35,ok
WHEELER_Cell4c,wheeler,50.0,,250.0,917,49.1,86.77,3.06,6.05,11.44,ok
WHEELER_Cell4c,wheeler,50.0,,500.0,917,49.7,83.57,5.16,9.26,16.44,ok
WHEELER_Cell4c,wheeler,50.0,,1000.0,917,53.0,78.68,8.11,13.77,25.19,ok
WHEELER_Cell4c,wheeler,50.0,,1500.0,917,56.5,73.85,10.17,17.59,41.47,ok
WHEELER_Cell4c,wheeler,50.0,,2000.0,917,58.8,67.96,12.17,21.49,101.41,ok
WHEELER_Cell4c,wheeler,50.0,,3000.0,917,52.1,55.9,15.84,35.19,102.1,ok
WHEELER_Cell4c,wheeler,50.0,,4000.0,917,41.3,47.2,18.55,53.51,102.35,ok
WHEELER_Cell5a,wheeler,50.0,,250.0,917,62.9,84.29,3.06,6.05,11.44,ok
WHEELER_Cell5a,wheeler,50.0,,500.0,917,55.9,81.46,5.16,9.26,16.44,ok
WHEELER_Cell5a,wheeler,50.0,,1000.0,917,61.6,75.71,8.11,13.77,25.19,ok
WHEELER_Cell5a,wheeler,50.0,,1500.0,917,67.7,69.59,10.17,17.59,41.47,ok
WHEELER_Cell5a,wheeler,50.0,,2000.0,917,64.9,63.92,12.17,21.49,101.41,ok
WHEELER_Cell5a,wheeler,50.0,,3000.0,917,54.5,52.73,15.84,35.19,102.1,ok
WHEELER_Cell5a,wheeler,50.0,,4000.0,917,41.3,45.27,18.55,53.51,102.35,ok
WHEELER_Cell5b,wheeler,50.0,,250.0,917,31.3,85.66,3.06,6.05,11.44,ok
WHEELER_Cell5b,wheeler,50.0,,500.0,917,34.7,82.73,5.16,9.26,16.44,ok
WHEELER_Cell5b,wheeler,50.0,,1000.0,917,45.8,77.38,8.11,13.77,25.19,ok
WHEELER_Cell5b,wheeler,50.0,,1500.0,917,61.0,70.63,10.17,17.59,41.47,ok
WHEELER_Cell5b,wheeler,50.0,,2000.0,917,58.5,65.91,12.17,21.49,101.41,ok
WHEELER_Cell5b,wheeler,50.0,,3000.0,917,47.5,56.86,15.84,35.19,102.1,ok
WHEELER_Cell5b,wheeler,50.0,,4000.0,917,35.9,50.57,18.55,53.51,102.35,ok
WHEELER_Cell5c,wheeler,50.0,,250.0,917,37.6,83.85,3.06,6.05,11.44,ok
WHEELER_Cell5c,wheeler,50.0,,500.0,917,32.3,81.45,5.16,9.26,16.44,ok
WHEELER_Cell5c,wheeler,50.0,,1000.0,917,50.6,75.45,8.11,13.77,25.19,ok
WHEELER_Cell5c,wheeler,50.0,,1500.0,917,61.4,69.12,10.17,17.59,41.47,ok
WHEELER_Cell5c,wheeler,50.0,,2000.0,917,58.0,64.69,12.17,21.49,101.41,ok
WHEELER_Cell5c,wheeler,50.0,,3000.0,917,47.0,55.65,15.84,35.19,102.1,ok
WHEELER_Cell5c,wheeler,50.0,,4000.0,917,35.9,49.17,18.55,53.51,102.35,ok
WHEELER_Cell6a,wheeler,50.0,,250.0,917,39.5,85.65,3.06,6.05,11.44,ok
WHEELER_Cell6a,wheeler,50.0,,500.0,917,54.9,81.57,5.16,9.26,16.44,ok
WHEELER_Cell6a,wheeler,50.0,,1000.0,917,41.7,78.35,8.11,13.77,25.19,ok
WHEELER_Cell6a,wheeler,50.0,,1500.0,917,45.9,74.2,10.17,17.59,41.47,ok
WHEELER_Cell6a,wheeler,50.0,,2000.0,917,47.1,70.4,12.17,21.49,101.41,ok
WHEELER_Cell6a,wheeler,50.0,,3000.0,917,48.4,57.0,15.84,35.19,102.1,ok
WHEELER_Cell6a,wheeler,50.0,,4000.0,917,40.6,46.28,18.55,53.51,102.35,ok
WHEELER_Cell6a,wheeler,50.0,,5000.0,917,32.7,39.01,21.79,75.63,102.47,ok
WHEELER_Cell6b,wheeler,50.0,,250.0,917,29.7,87.22,3.06,6.05,11.44,ok
WHEELER_Cell6b,wheeler,50.0,,500.0,917,45.8,83.25,5.16,9.26,16.44,ok
WHEELER_Cell6b,wheeler,50.0,,1000.0,917,32.2,80.17,8.11,13.77,25.19,ok
WHEELER_Cell6b,wheeler,50.0,,1500.0,917,35.7,76.42,10.17,17.59,41.47,ok
WHEELER_Cell6b,wheeler,50.0,,2000.0,917,36.6,73.3,12.17,21.49,101.41,ok
WHEELER_Cell6b,wheeler,50.0,,3000.0,917,37.6,64.18,15.84,35.19,102.1,ok
WHEELER_Cell6b,wheeler,50.0,,4000.0,917,31.2,56.25,18.55,53.51,102.35,ok
WHEELER_Cell6b,wheeler,50.0,,5000.0,917,22.1,51.79,21.79,75.63,102.47,ok
WHEELER_Cell6c,wheeler,50.0,,250.0,917,17.0,87.0,3.06,6.05,11.44,ok
WHEELER_Cell6c,wheeler,50.0,,500.0,917,29.3,83.5,5.16,9.26,16.44,ok
WHEELER_Cell6c,wheeler,50.0,,1000.0,917,19.1,80.74,8.11,13.77,25.19,ok
WHEELER_Cell6c,wheeler,50.0,,1500.0,917,22.6,77.31,10.17,17.59,41.47,ok
WHEELER_Cell6c,wheeler,50.0,,2000.0,917,22.9,74.56,12.17,21.49,101.41,ok
WHEELER_Cell6c,wheeler,50.0,,3000.0,917,32.0,65.69,15.84,35.19,102.1,ok
WHEELER_Cell6c,wheeler,50.0,,4000.0,917,32.5,54.07,18.55,53.51,102.35,ok
WHEELER_Cell6c,wheeler,50.0,,5000.0,917,26.1,47.13,21.79,75.63,102.47,ok
WHEELER_Cell7a,wheeler,50.0,,250.0,917,39.8,83.82,3.06,6.05,11.44,ok
WHEELER_Cell7a,wheeler,50.0,,500.0,917,56.1,79.63,5.16,9.26,16.44,ok
WHEELER_Cell7a,wheeler,50.0,,1000.0,917,93.3,66.03,8.11,13.77,25.19,ok
WHEELER_Cell7a,wheeler,50.0,,1500.0,917,94.0,51.44,10.17,17.59,41.47,ok
WHEELER_Cell7a,wheeler,50.0,,2000.0,917,88.8,40.44,12.17,21.49,101.41,ok
WHEELER_Cell7a,wheeler,50.0,,3000.0,917,75.5,28.8,15.84,35.19,102.1,ok
WHEELER_Cell7b,wheeler,50.0,,250.0,917,37.1,85.82,3.06,6.05,11.44,ok
WHEELER_Cell7b,wheeler,50.0,,500.0,917,54.6,81.61,5.16,9.26,16.44,ok
WHEELER_Cell7b,wheeler,50.0,,1000.0,917,69.6,74.39,8.11,13.77,25.19,ok
WHEELER_Cell7b,wheeler,50.0,,1500.0,917,82.2,64.7,10.17,17.59,41.47,ok
WHEELER_Cell7b,wheeler,50.0,,2000.0,917,79.6,55.07,12.17,21.49,101.41,ok
WHEELER_Cell7b,wheeler,50.0,,3000.0,917,68.6,41.06,15.84,35.19,102.1,ok
WHEELER_Cell7c,wheeler,50.0,,250.0,917,52.7,85.15,3.06,6.05,11.44,ok
WHEELER_Cell7c,wheeler,50.0,,500.0,917,56.4,81.56,5.16,9.26,16.44,ok
WHEELER_Cell7c,wheeler,50.0,,1000.0,917,74.0,73.69,8.11,13.77,25.19,ok
WHEELER_Cell7c,wheeler,50.0,,1500.0,917,89.5,59.22,10.17,17.59,41.47,ok
WHEELER_Cell7c,wheeler,50.0,,2000.0,917,84.5,50.37,12.17,21.49,101.41,ok
WHEELER_Cell7c,wheeler,50.0,,3000.0,917,69.2,39.81,15.84,35.19,102.1,ok
SNL_18650_LFP_15C_0-100_0.5-2C_b,snl,15.0,2.0,,0,,,,,,pas assez de synthetiques
SNL_18650_LFP_25C_0-100_0.5-0.5C_a,snl,25.0,0.5,250.0,1667,16.3,95.0,1.65,3.53,6.61,ok
SNL_18650_LFP_25C_0-100_0.5-0.5C_a,snl,25.0,0.5,500.0,1667,6.8,94.45,2.6,5.27,9.85,ok
SNL_18650_LFP_25C_0-100_0.5-0.5C_a,snl,25.0,0.5,1000.0,1667,8.8,92.73,3.89,7.87,14.29,ok
SNL_18650_LFP_25C_0-100_0.5-0.5C_a,snl,25.0,0.5,1500.0,1667,8.7,91.45,4.97,10.11,18.4,ok
SNL_18650_LFP_25C_0-100_0.5-0.5C_a,snl,25.0,0.5,2000.0,1667,11.5,90.0,5.86,12.0,21.93,ok
SNL_18650_LFP_25C_0-100_0.5-0.5C_a,snl,25.0,0.5,3000.0,1667,13.4,87.73,7.45,15.32,39.32,ok
SNL_18650_LFP_25C_0-100_0.5-1C_a,snl,25.0,1.0,250.0,1667,0.8,92.91,1.65,3.53,6.61,bordure
SNL_18650_LFP_25C_0-100_0.5-1C_a,snl,25.0,1.0,500.0,1667,1.0,92.18,2.6,5.27,9.85,bordure
SNL_18650_LFP_25C_0-100_0.5-1C_a,snl,25.0,1.0,1000.0,1667,1.1,91.18,3.89,7.87,14.29,bordure
SNL_18650_LFP_25C_0-100_0.5-1C_a,snl,25.0,1.0,1500.0,1667,1.4,90.09,4.97,10.11,18.4,bordure
SNL_18650_LFP_25C_0-100_0.5-1C_a,snl,25.0,1.0,2000.0,1667,2.6,89.0,5.86,12.0,21.93,bordure
SNL_18650_LFP_25C_0-100_0.5-1C_a,snl,25.0,1.0,3000.0,1667,4.7,86.45,7.45,15.32,39.32,bordure
SNL_18650_LFP_25C_0-100_0.5-1C_b,snl,25.0,1.0,250.0,1667,0.5,93.55,1.65,3.53,6.61,bordure
SNL_18650_LFP_25C_0-100_0.5-1C_b,snl,25.0,1.0,500.0,1667,0.7,92.73,2.6,5.27,9.85,bordure
SNL_18650_LFP_25C_0-100_0.5-1C_b,snl,25.0,1.0,1000.0,1667,0.8,91.73,3.89,7.87,14.29,bordure
SNL_18650_LFP_25C_0-100_0.5-1C_b,snl,25.0,1.0,1500.0,1667,1.4,90.55,4.97,10.11,18.4,bordure
SNL_18650_LFP_25C_0-100_0.5-1C_b,snl,25.0,1.0,2000.0,1667,2.6,89.45,5.86,12.0,21.93,bordure
SNL_18650_LFP_25C_0-100_0.5-1C_b,snl,25.0,1.0,3000.0,1667,6.5,86.18,7.45,15.32,39.32,ok
SNL_18650_LFP_25C_0-100_0.5-1C_c,snl,25.0,1.0,250.0,1667,0.5,94.73,1.65,3.53,6.61,bordure
SNL_18650_LFP_25C_0-100_0.5-1C_c,snl,25.0,1.0,500.0,1667,0.7,94.0,2.6,5.27,9.85,bordure
SNL_18650_LFP_25C_0-100_0.5-1C_c,snl,25.0,1.0,1000.0,1667,1.3,92.73,3.89,7.87,14.29,bordure
SNL_18650_LFP_25C_0-100_0.5-1C_c,snl,25.0,1.0,1500.0,1667,1.4,91.73,4.97,10.11,18.4,bordure
SNL_18650_LFP_25C_0-100_0.5-1C_c,snl,25.0,1.0,2000.0,1667,2.9,90.36,5.86,12.0,21.93,bordure
SNL_18650_LFP_25C_0-100_0.5-1C_c,snl,25.0,1.0,3000.0,1667,4.3,88.18,7.45,15.32,39.32,bordure
SNL_18650_LFP_25C_0-100_0.5-1C_d,snl,25.0,1.0,250.0,1667,0.5,94.64,1.65,3.53,6.61,bordure
SNL_18650_LFP_25C_0-100_0.5-1C_d,snl,25.0,1.0,500.0,1667,0.7,93.82,2.6,5.27,9.85,bordure
SNL_18650_LFP_25C_0-100_0.5-1C_d,snl,25.0,1.0,1000.0,1667,1.3,92.64,3.89,7.87,14.29,bordure
SNL_18650_LFP_25C_0-100_0.5-1C_d,snl,25.0,1.0,1500.0,1667,1.5,91.55,4.97,10.11,18.4,bordure
SNL_18650_LFP_25C_0-100_0.5-1C_d,snl,25.0,1.0,2000.0,1667,2.8,90.36,5.86,12.0,21.93,bordure
SNL_18650_LFP_25C_0-100_0.5-1C_d,snl,25.0,1.0,3000.0,1667,4.0,88.18,7.45,15.32,39.32,bordure
SNL_18650_LFP_25C_0-100_0.5-2C_a,snl,25.0,2.0,250.0,1667,0.7,93.09,1.65,3.53,6.61,bordure
SNL_18650_LFP_25C_0-100_0.5-2C_a,snl,25.0,2.0,500.0,1667,2.6,91.73,2.6,5.27,9.85,bordure
SNL_18650_LFP_25C_0-100_0.5-2C_a,snl,25.0,2.0,1000.0,1667,2.9,90.55,3.89,7.87,14.29,bordure
SNL_18650_LFP_25C_0-100_0.5-2C_a,snl,25.0,2.0,1500.0,1667,4.3,89.18,4.97,10.11,18.4,bordure
SNL_18650_LFP_25C_0-100_0.5-2C_a,snl,25.0,2.0,2000.0,1667,4.0,88.36,5.86,12.0,21.93,bordure
SNL_18650_LFP_25C_0-100_0.5-2C_a,snl,25.0,2.0,3000.0,1667,5.2,86.36,7.45,15.32,39.32,ok
SNL_18650_LFP_25C_0-100_0.5-2C_b,snl,25.0,2.0,250.0,1667,0.7,92.73,1.65,3.53,6.61,bordure
SNL_18650_LFP_25C_0-100_0.5-2C_b,snl,25.0,2.0,500.0,1667,1.0,91.91,2.6,5.27,9.85,bordure
SNL_18650_LFP_25C_0-100_0.5-2C_b,snl,25.0,2.0,1000.0,1667,0.8,91.0,3.89,7.87,14.29,bordure
SNL_18650_LFP_25C_0-100_0.5-2C_b,snl,25.0,2.0,1500.0,1667,1.5,89.73,4.97,10.11,18.4,bordure
SNL_18650_LFP_25C_0-100_0.5-2C_b,snl,25.0,2.0,2000.0,1667,2.9,88.36,5.86,12.0,21.93,bordure
SNL_18650_LFP_25C_0-100_0.5-2C_b,snl,25.0,2.0,3000.0,1667,3.3,86.73,7.45,15.32,39.32,bordure
SNL_18650_LFP_25C_0-100_0.5-2C_b,snl,25.0,2.0,4000.0,1667,4.6,84.82,9.09,18.15,87.94,bordure
SNL_18650_LFP_25C_0-100_0.5-3C_a,snl,25.0,3.0,250.0,1667,3.2,92.55,1.65,3.53,6.61,bordure
SNL_18650_LFP_25C_0-100_0.5-3C_a,snl,25.0,3.0,500.0,1667,5.3,91.36,2.6,5.27,9.85,ok
SNL_18650_LFP_25C_0-100_0.5-3C_a,snl,25.0,3.0,1000.0,1667,7.1,89.64,3.89,7.87,14.29,ok
SNL_18650_LFP_25C_0-100_0.5-3C_a,snl,25.0,3.0,1500.0,1667,12.3,87.73,4.97,10.11,18.4,ok
SNL_18650_LFP_25C_0-100_0.5-3C_a,snl,25.0,3.0,2000.0,1667,20.6,85.45,5.86,12.0,21.93,ok
SNL_18650_LFP_25C_0-100_0.5-3C_a,snl,25.0,3.0,3000.0,1667,35.5,81.0,7.45,15.32,39.32,ok
SNL_18650_LFP_25C_0-100_0.5-3C_a,snl,25.0,3.0,4000.0,1667,51.6,75.45,9.09,18.15,87.94,ok
SNL_18650_LFP_25C_0-100_0.5-3C_b,snl,25.0,3.0,250.0,1667,2.4,93.27,1.65,3.53,6.61,bordure
SNL_18650_LFP_25C_0-100_0.5-3C_b,snl,25.0,3.0,500.0,1667,10.3,91.55,2.6,5.27,9.85,ok
SNL_18650_LFP_25C_0-100_0.5-3C_b,snl,25.0,3.0,1000.0,1667,8.8,90.09,3.89,7.87,14.29,ok
SNL_18650_LFP_25C_0-100_0.5-3C_b,snl,25.0,3.0,1500.0,1667,18.1,87.73,4.97,10.11,18.4,ok
SNL_18650_LFP_25C_0-100_0.5-3C_b,snl,25.0,3.0,2000.0,1667,31.4,84.91,5.86,12.0,21.93,ok
SNL_18650_LFP_25C_0-100_0.5-3C_b,snl,25.0,3.0,3000.0,1667,49.2,79.45,7.45,15.32,39.32,ok
SNL_18650_LFP_25C_0-100_0.5-3C_b,snl,25.0,3.0,4000.0,1667,62.6,73.0,9.09,18.15,87.94,ok
SNL_18650_LFP_25C_0-100_0.5-3C_c,snl,25.0,3.0,250.0,1667,5.6,92.18,1.65,3.53,6.61,ok
SNL_18650_LFP_25C_0-100_0.5-3C_c,snl,25.0,3.0,500.0,1667,11.9,90.64,2.6,5.27,9.85,ok
SNL_18650_LFP_25C_0-100_0.5-3C_c,snl,25.0,3.0,1000.0,1667,18.2,88.36,3.89,7.87,14.29,ok
SNL_18650_LFP_25C_0-100_0.5-3C_c,snl,25.0,3.0,1500.0,1667,36.5,85.18,4.97,10.11,18.4,ok
SNL_18650_LFP_25C_0-100_0.5-3C_c,snl,25.0,3.0,2000.0,1667,52.1,81.55,5.86,12.0,21.93,ok
SNL_18650_LFP_25C_0-100_0.5-3C_c,snl,25.0,3.0,3000.0,1667,69.8,74.82,7.45,15.32,39.32,ok
SNL_18650_LFP_25C_0-100_0.5-3C_d,snl,25.0,3.0,250.0,1667,3.2,94.27,1.65,3.53,6.61,bordure
SNL_18650_LFP_25C_0-100_0.5-3C_d,snl,25.0,3.0,500.0,1667,6.8,92.91,2.6,5.27,9.85,ok
SNL_18650_LFP_25C_0-100_0.5-3C_d,snl,25.0,3.0,1000.0,1667,8.8,91.18,3.89,7.87,14.29,ok
SNL_18650_LFP_25C_0-100_0.5-3C_d,snl,25.0,3.0,1500.0,1667,18.7,88.73,4.97,10.11,18.4,ok
SNL_18650_LFP_25C_0-100_0.5-3C_d,snl,25.0,3.0,2000.0,1667,32.2,85.91,5.86,12.0,21.93,ok
SNL_18650_LFP_25C_0-100_0.5-3C_d,snl,25.0,3.0,3000.0,1667,49.0,80.64,7.45,15.32,39.32,ok
SNL_18650_LFP_25C_0-100_0.5-3C_d,snl,25.0,3.0,4000.0,1667,64.3,73.73,9.09,18.15,87.94,ok
SNL_18650_LFP_35C_0-100_0.5-1C_a,snl,35.0,1.0,250.0,788,8.2,94.91,2.21,4.1,7.04,ok
SNL_18650_LFP_35C_0-100_0.5-1C_a,snl,35.0,1.0,500.0,788,23.7,92.55,3.32,6.15,10.32,ok
SNL_18650_LFP_35C_0-100_0.5-1C_a,snl,35.0,1.0,1000.0,788,27.8,89.91,5.14,9.28,15.18,ok
SNL_18650_LFP_35C_0-100_0.5-1C_a,snl,35.0,1.0,1500.0,788,21.2,88.55,6.4,11.92,18.83,ok
SNL_18650_LFP_35C_0-100_0.5-1C_a,snl,35.0,1.0,2000.0,788,20.3,87.09,7.68,14.17,22.84,ok
SNL_18650_LFP_35C_0-100_0.5-1C_a,snl,35.0,1.0,3000.0,788,21.7,84.09,9.59,18.19,44.36,ok
SNL_18650_LFP_35C_0-100_0.5-1C_b,snl,35.0,1.0,250.0,788,4.2,92.27,2.21,4.1,7.04,bordure
SNL_18650_LFP_35C_0-100_0.5-1C_b,snl,35.0,1.0,500.0,788,15.7,90.09,3.32,6.15,10.32,ok
SNL_18650_LFP_35C_0-100_0.5-1C_b,snl,35.0,1.0,1000.0,788,17.0,87.82,5.14,9.28,15.18,ok
SNL_18650_LFP_35C_0-100_0.5-1C_b,snl,35.0,1.0,1500.0,788,23.1,85.36,6.4,11.92,18.83,ok
SNL_18650_LFP_35C_0-100_0.5-1C_b,snl,35.0,1.0,2000.0,788,18.5,84.36,7.68,14.17,22.84,ok
SNL_18650_LFP_35C_0-100_0.5-1C_b,snl,35.0,1.0,3000.0,788,20.9,81.27,9.59,18.19,44.36,ok
SNL_18650_LFP_35C_0-100_0.5-1C_c,snl,35.0,1.0,250.0,788,57.9,91.18,2.21,4.1,7.04,ok
SNL_18650_LFP_35C_0-100_0.5-1C_c,snl,35.0,1.0,500.0,788,35.7,90.27,3.32,6.15,10.32,ok
SNL_18650_LFP_35C_0-100_0.5-1C_c,snl,35.0,1.0,1000.0,788,36.5,87.36,5.14,9.28,15.18,ok
SNL_18650_LFP_35C_0-100_0.5-1C_c,snl,35.0,1.0,1500.0,788,23.1,86.55,6.4,11.92,18.83,ok
SNL_18650_LFP_35C_0-100_0.5-1C_c,snl,35.0,1.0,2000.0,788,19.2,85.45,7.68,14.17,22.84,ok
SNL_18650_LFP_35C_0-100_0.5-1C_c,snl,35.0,1.0,3000.0,788,18.0,83.0,9.59,18.19,44.36,ok
SNL_18650_LFP_35C_0-100_0.5-1C_d,snl,35.0,1.0,250.0,788,4.8,93.64,2.21,4.1,7.04,bordure
SNL_18650_LFP_35C_0-100_0.5-1C_d,snl,35.0,1.0,500.0,788,13.1,91.73,3.32,6.15,10.32,ok
SNL_18650_LFP_35C_0-100_0.5-1C_d,snl,35.0,1.0,1000.0,788,9.0,90.0,5.14,9.28,15.18,ok
SNL_18650_LFP_35C_0-100_0.5-1C_d,snl,35.0,1.0,1500.0,788,14.5,87.82,6.4,11.92,18.83,ok
SNL_18650_LFP_35C_0-100_0.5-1C_d,snl,35.0,1.0,2000.0,788,20.8,85.45,7.68,14.17,22.84,ok
SNL_18650_LFP_35C_0-100_0.5-1C_d,snl,35.0,1.0,3000.0,788,17.6,83.36,9.59,18.19,44.36,ok
SNL_18650_LFP_35C_0-100_0.5-2C_a,snl,35.0,2.0,250.0,788,3.9,94.09,2.21,4.1,7.04,bordure
SNL_18650_LFP_35C_0-100_0.5-2C_a,snl,35.0,2.0,500.0,788,19.5,91.64,3.32,6.15,10.32,ok
SNL_18650_LFP_35C_0-100_0.5-2C_a,snl,35.0,2.0,1000.0,788,15.0,89.82,5.14,9.28,15.18,ok
SNL_18650_LFP_35C_0-100_0.5-2C_a,snl,35.0,2.0,1500.0,788,11.3,88.55,6.4,11.92,18.83,ok
SNL_18650_LFP_35C_0-100_0.5-2C_a,snl,35.0,2.0,2000.0,788,11.9,87.18,7.68,14.17,22.84,ok
SNL_18650_LFP_35C_0-100_0.5-2C_a,snl,35.0,2.0,3000.0,788,19.9,83.18,9.59,18.19,44.36,ok
SNL_18650_LFP_35C_0-100_0.5-2C_b,snl,35.0,2.0,250.0,788,5.5,91.73,2.21,4.1,7.04,ok
SNL_18650_LFP_35C_0-100_0.5-2C_b,snl,35.0,2.0,500.0,788,20.9,89.27,3.32,6.15,10.32,ok
SNL_18650_LFP_35C_0-100_0.5-2C_b,snl,35.0,2.0,1000.0,788,27.4,86.55,5.14,9.28,15.18,ok
SNL_18650_LFP_35C_0-100_0.5-2C_b,snl,35.0,2.0,1500.0,788,18.0,85.55,6.4,11.92,18.83,ok
SNL_18650_LFP_35C_0-100_0.5-2C_b,snl,35.0,2.0,2000.0,788,21.8,83.45,7.68,14.17,22.84,ok
SNL_18650_LFP_35C_0-100_0.5-2C_b,snl,35.0,2.0,3000.0,788,31.1,79.09,9.59,18.19,44.36,ok
