cell_id,source,T,C,seuil,n_ancrage,tol_ancrage,n_synth,n_reel,q05,q50,q95,rang,statut
102Ah_25degC_1C_cell3,target,25.0,1.0,85.0,1886.0,0.25,242,3332.4,2339.0,3194.0,4894.0,57.9,ok
102Ah_25degC_1C_cell3,target,25.0,1.0,80.0,1886.0,0.25,242,4329.3,3042.0,4467.0,8070.0,45.5,ok
102Ah_25degC_1C_cell3,target,25.0,1.0,75.0,1886.0,0.25,242,4882.6,3426.0,5126.0,8853.0,44.2,ok
102Ah_25degC_1C_cell3,target,25.0,1.0,70.0,1886.0,0.25,242,5142.0,3619.0,5528.0,9316.0,38.8,ok
102Ah_35degC_1C_cell1,target,35.0,1.0,85.0,1914.0,0.25,121,3152.2,2225.0,3028.0,4487.0,53.7,ok
102Ah_35degC_1C_cell1,target,35.0,1.0,80.0,1914.0,0.25,121,4344.5,2677.0,4320.0,7592.0,52.1,ok
102Ah_35degC_1C_cell1,target,35.0,1.0,75.0,1914.0,0.25,121,5098.1,3137.0,5230.0,8263.0,47.1,ok
102Ah_35degC_1C_cell1,target,35.0,1.0,70.0,1914.0,0.25,121,5108.2,3437.0,5583.0,8671.0,38.0,ok
102Ah_45degC_0p5C_cell3,target,45.0,0.5,85.0,1409.0,0.25,119,2233.9,1601.0,2331.0,3623.0,46.2,ok
102Ah_45degC_0p5C_cell3,target,45.0,0.5,80.0,1409.0,0.25,119,2859.4,1918.0,3103.0,5877.0,34.5,ok
102Ah_45degC_0p5C_cell3,target,45.0,0.5,75.0,1409.0,0.25,119,3247.2,2201.0,3626.0,6924.0,31.1,ok
102Ah_45degC_0p5C_cell3,target,45.0,0.5,70.0,1409.0,0.25,119,3544.2,2395.0,4106.0,7554.0,32.8,ok
102Ah_45degC_1C_cell1,target,45.0,1.0,85.0,1407.0,0.25,131,2368.2,1731.0,2379.0,3314.0,49.6,ok
102Ah_55degC_1C_cell3,target,55.0,1.0,85.0,910.0,0.25,248,1489.0,1109.0,1510.0,2132.0,47.6,ok
102Ah_55degC_1C_cell3,target,55.0,1.0,80.0,910.0,0.25,248,1777.7,1416.0,2137.0,3514.0,25.0,ok
102Ah_55degC_1C_cell3,target,55.0,1.0,75.0,910.0,0.25,248,2004.6,1579.0,2513.0,4131.0,19.0,ok
102Ah_55degC_1C_cell3,target,55.0,1.0,70.0,910.0,0.25,248,2218.1,1715.0,2825.0,4771.0,17.7,ok
