T_amb,C_rate,n_at_70,n_at_80,soh_1,soh_min,finite,dans_bornes,sup_103,taux_violation_monotonie,n_knee
25.0,0.5,6508.783418067171,4478.289431757833,102.63067626953125,1.3654251098632812,True,True,False,0.0,6631.0
25.0,0.55,6591.590624889443,4538.962348722548,102.63546752929688,1.3102951049804688,True,True,False,0.0,6631.0
25.0,0.6,6645.794077170508,4585.447910797426,102.63833618164062,1.2763595581054688,True,True,False,0.0,6631.0
25.0,0.65,6672.965249480954,4625.13461375032,102.63997650146484,1.2562713623046875,True,True,False,0.0,6631.0
25.0,0.7,6697.187087911151,4661.267312228771,102.6407241821289,1.24542236328125,True,True,False,0.0,6631.0
25.0,0.75,6718.500015517555,4694.011531791711,102.64077758789062,1.2415084838867188,True,True,False,0.0,6631.0
25.0,0.8,6735.879519303611,4722.362517684116,102.64028930664062,1.2434844970703125,True,True,False,0.0,6631.0
25.0,0.85,6748.044649816122,4745.433832327367,102.63935089111328,1.2506179809570312,True,True,False,0.0,6631.0
25.0,0.9,6753.9950010931525,4762.883266095423,102.63806915283203,1.2623214721679688,True,True,False,0.0,6631.0
25.0,0.95,6753.20411756771,4774.8751970679,102.63650512695312,1.2781219482421875,True,True,False,0.0,6631.0
25.0,1.0,6745.617609970899,4781.8872090710165,102.63468933105469,1.2976531982421875,True,True,False,0.0,6631.0
27.5,0.5,6393.235008747915,4356.243672552093,102.64257049560547,1.228912353515625,True,True,False,0.0,6631.0
27.5,0.55,6469.002475920267,4412.641692294366,102.6468505859375,1.1832199096679688,True,True,False,0.0,6631.0
27.5,0.6,6544.101166672967,4460.087660359163,102.6494369506836,1.1575088500976562,True,True,False,0.0,6631.0
27.5,0.65,6618.990654443725,4513.045685500716,102.65093994140625,1.1449737548828125,True,True,False,0.0,6631.0
27.5,0.7,6654.479301342305,4560.026501047772,102.65161895751953,1.1409759521484375,True,True,False,0.0,6631.0
27.5,0.75,6679.607834015593,4600.592077458481,102.651611328125,1.1428985595703125,True,True,False,0.0,6631.0
27.5,0.8,6700.6128298970725,4634.601644117143,102.65103912353516,1.149444580078125,True,True,False,0.0,6631.0
27.5,0.85,6716.339598638502,4661.810719952983,102.65001678466797,1.159912109375,True,True,False,0.0,6631.0
27.5,0.9,6725.8988030685805,4682.266635294117,102.64862060546875,1.1737899780273438,True,True,False,0.0,6631.0
27.5,0.95,6728.809274040289,4696.269118256647,102.64691925048828,1.190704345703125,True,True,False,0.0,6631.0
27.5,1.0,6724.9638983113355,4704.263828408967,102.64494323730469,1.2104568481445312,True,True,False,0.0,6631.0
30.0,0.5,6255.861041656656,4250.685352779044,102.65217590332031,1.0962371826171875,True,True,False,0.0,6631.0
30.0,0.55,6315.361851332398,4315.274117451445,102.65563201904297,1.0630035400390625,True,True,False,0.0,6631.0
30.0,0.6,6378.073481666535,4370.295183450072,102.65777587890625,1.0463027954101562,True,True,False,0.0,6631.0
30.0,0.65,6445.290138245719,4419.23171118552,102.65913391113281,1.040435791015625,True,True,False,0.0,6631.0
30.0,0.7,6514.7123953318405,4463.115693822111,102.6597900390625,1.0419082641601562,True,True,False,0.0,6631.0
30.0,0.75,6582.378492028379,4510.740719188724,102.65982055664062,1.04864501953125,True,True,False,0.0,6631.0
30.0,0.8,6635.743990716429,4550.482466949544,102.65928649902344,1.0593719482421875,True,True,False,0.0,6631.0
30.0,0.85,6654.125417357953,4582.2128612308825,102.65829467773438,1.0732345581054688,True,True,False,0.0,6631.0
30.0,0.9,6666.462231105307,4606.3925821170915,102.6568832397461,1.0896224975585938,True,True,False,0.0,6631.0
30.0,0.95,6672.39685038266,4623.513166427411,102.6551284790039,1.1081161499023438,True,True,False,0.0,6631.0
30.0,1.0,6671.8462947594035,4634.034835217678,102.6530532836914,1.128509521484375,True,True,False,0.0,6631.0
32.5,0.5,6114.824836571891,4136.197871093113,102.66072082519531,0.9750900268554688,True,True,False,0.0,6006.0
32.5,0.55,6159.176645601757,4204.350358674099,102.66349029541016,0.9524307250976562,True,True,False,0.0,6006.0
32.5,0.6,6206.461504204982,4262.359844683029,102.6653060913086,0.9426116943359375,True,True,False,0.0,6631.0
32.5,0.65,6259.168896826663,4315.198322498636,102.66661071777344,0.9405670166015625,True,True,False,0.0,6631.0
32.5,0.7,6315.010142733571,4363.374619728391,102.66737365722656,0.9443283081054688,True,True,False,0.0,6631.0
32.5,0.75,6369.939817186653,4406.078568773695,102.66754913330078,0.952850341796875,True,True,False,0.0,6631.0
32.5,0.8,6419.9010564681985,4442.648287476164,102.66714477539062,0.9653167724609375,True,True,False,0.0,6631.0
32.5,0.85,6461.452008125989,4474.705210166396,102.66622924804688,0.9808197021484375,True,True,False,0.0,6631.0
32.5,0.9,6491.967842272168,4503.830801883666,102.66482543945312,0.9985809326171875,True,True,False,0.0,6631.0
32.5,0.95,6509.77901488776,4525.109172378018,102.66297912597656,1.018035888671875,True,True,False,0.0,6631.0
32.5,1.0,6514.269165544944,4539.1513413465,102.66075134277344,1.0388031005859375,True,True,False,0.0,6631.0
35.0,0.5,5928.419034388335,4000.3777462243456,102.66968536376953,0.8738479614257812,True,True,False,0.0,6006.0
35.0,0.55,6007.71352538613,4057.7028271666463,102.67213439941406,0.8599853515625,True,True,False,0.0,6006.0
35.0,0.6,6039.986880679097,4113.519945104237,102.6737060546875,0.8566055297851562,True,True,False,0.0,6006.0
35.0,0.65,6075.812771301158,4165.100926922775,102.67487335205078,0.8588409423828125,True,True,False,0.0,6006.0
35.0,0.7,6114.456655372949,4213.499037648438,102.67562103271484,0.8647994995117188,True,True,False,0.0,6006.0
35.0,0.75,6153.1429138429785,4257.611999856018,102.67587280273438,0.8739013671875,True,True,False,0.0,6006.0
35.0,0.8,6188.900055519903,4296.439451797097,102.67560577392578,0.8858108520507812,True,True,False,0.0,6006.0
35.0,0.85,6219.37056418557,4329.540831507617,102.67477416992188,0.900054931640625,True,True,False,0.0,6631.0
35.0,0.9,6242.957055117396,4356.826805603632,102.67340087890625,0.9160919189453125,True,True,False,0.0,6631.0
35.0,0.95,6258.733826740959,4378.32144623275,102.6714859008789,0.93353271484375,True,True,False,0.0,6631.0
35.0,1.0,6266.339547994688,4394.067654164279,102.6690673828125,0.95208740234375,True,True,False,0.0,6631.0
37.5,0.5,5639.1162204362945,3832.6823354248645,102.67742919921875,0.8029861450195312,True,True,False,0.0,6006.0
37.5,0.55,5665.178749315628,3870.480751075212,102.6793212890625,0.80206298828125,True,True,False,0.0,6006.0
37.5,0.6,5692.52819835018,3903.699122353077,102.68026733398438,0.8095626831054688,True,True,False,0.0,6006.0
37.5,0.65,5725.9629671461025,3937.5293503237945,102.68091583251953,0.82025146484375,True,True,False,0.0,6006.0
37.5,0.7,5765.983683730101,3972.8367385270362,102.68135833740234,0.8317642211914062,True,True,False,0.0,6006.0
37.5,0.75,5810.381805776731,4008.419312472638,102.68151092529297,0.8433685302734375,True,True,False,0.0,6006.0
37.5,0.8,5855.958912416619,4042.7669277886566,102.68126678466797,0.8549423217773438,True,True,False,0.0,6006.0
37.5,0.85,5899.412701838144,4080.7931337631317,102.68053436279297,0.8665847778320312,True,True,False,0.0,6006.0
37.5,0.9,5937.613250311068,4114.214726830273,102.67925262451172,0.8784255981445312,True,True,False,0.0,6006.0
37.5,0.95,5967.701344030247,4142.469001950676,102.67740631103516,0.89056396484375,True,True,False,0.0,6006.0
37.5,1.0,5987.298698342267,4165.353619245364,102.67498016357422,0.9031829833984375,True,True,False,0.0,6006.0
40.0,0.5,5346.523878100553,3593.9095782205036,102.67953491210938,0.7632064819335938,True,True,False,0.0,5441.0
40.0,0.55,5343.621118880231,3603.117439198637,102.68119812011719,0.7773971557617188,True,True,False,0.0,5441.0
40.0,0.6,5345.933446841182,3613.746596416848,102.6820068359375,0.7970199584960938,True,True,False,0.0,5441.0
40.0,0.65,5360.304417435307,3629.9710245627493,102.68252563476562,0.8167495727539062,True,True,False,0.0,5441.0
40.0,0.7,5387.326437977301,3651.927450181727,102.68287658691406,0.834320068359375,True,True,False,0.0,5441.0
40.0,0.75,5424.801163093347,3680.9042185338867,102.68295288085938,0.849029541015625,True,True,False,0.0,5441.0
40.0,0.8,5452.0535802575505,3714.4556472821237,102.68262481689453,0.8610458374023438,True,True,False,0.0,5441.0
40.0,0.85,5470.016541452767,3747.8991813873317,102.68179321289062,0.87078857421875,True,True,False,0.0,5441.0
40.0,0.9,5487.081907636234,3779.8278589321403,102.68038177490234,0.878814697265625,True,True,False,0.0,5441.0
40.0,0.95,5502.114578569902,3809.222102691679,102.67839050292969,0.8856048583984375,True,True,False,0.0,5441.0
40.0,1.0,5514.202132961005,3835.3024509749093,102.67581176757812,0.891815185546875,True,True,False,0.0,5441.0
42.5,0.5,4976.311873526694,3309.59806228304,102.67536926269531,0.7313766479492188,True,True,False,0.0,4929.0
42.5,0.55,4956.45115298239,3297.519561955747,102.6781005859375,0.757659912109375,True,True,False,0.0,4929.0
42.5,0.6,4942.535555958518,3290.9768185970356,102.6798095703125,0.7872161865234375,True,True,False,0.0,4929.0
42.5,0.65,4936.461115725432,3293.196590743283,102.68096160888672,0.81439208984375,True,True,False,0.0,4929.0
42.5,0.7,4937.652222371955,3303.7087830010364,102.681640625,0.836883544921875,True,True,False,0.0,4929.0
42.5,0.75,4944.403648838544,3320.8276387057326,102.68180084228516,0.8541641235351562,True,True,False,0.0,4929.0
42.5,0.8,4954.845424861696,3346.0931761505312,102.68136596679688,0.8665924072265625,True,True,False,0.0,4929.0
42.5,0.85,4967.360476617104,3373.7000039622117,102.68026733398438,0.8748703002929688,True,True,False,0.0,4929.0
42.5,0.9,4980.642998796026,3401.85091560397,102.6784896850586,0.8798904418945312,True,True,False,0.0,4929.0
42.5,0.95,4993.627700706513,3429.2319258740613,102.67605590820312,0.88250732421875,True,True,False,0.0,4929.0
42.5,1.0,5005.419723613985,3454.8802424667356,102.67298889160156,0.8835678100585938,True,True,False,0.0,4929.0
45.0,0.5,4554.231724223916,3010.331619779014,102.66661834716797,0.6895599365234375,True,True,False,0.0,4465.0
45.0,0.55,4520.985581700236,2987.7764835402486,102.6715087890625,0.725189208984375,True,True,False,0.0,4465.0
45.0,0.6,4497.766528005699,2973.198745383127,102.67498779296875,0.7628631591796875,True,True,False,0.0,4465.0
45.0,0.65,4484.192787792435,2968.089306698002,102.67739868164062,0.7963104248046875,True,True,False,0.0,4465.0
45.0,0.7,4478.5793657255645,2971.6155975958227,102.67884826660156,0.8229904174804688,True,True,False,0.0,4465.0
45.0,0.75,4478.892231546023,2981.7481946188473,102.67932891845703,0.8423843383789062,True,True,False,0.0,4465.0
45.0,0.8,4483.261046342466,2996.377827341511,102.67886352539062,0.8551712036132812,True,True,False,0.0,4465.0
45.0,0.85,4490.1847454801555,3015.371102472913,102.67747497558594,0.8622817993164062,True,True,False,0.0,4465.0
45.0,0.9,4498.519069451259,3037.832589359705,102.6751937866211,0.8649673461914062,True,True,False,0.0,4465.0
45.0,0.95,4507.374093297827,3060.350344583065,102.67213439941406,0.8643112182617188,True,True,False,0.0,4465.0
45.0,1.0,4516.010525552402,3081.990715331391,102.6683578491211,0.86151123046875,True,True,False,0.0,4465.0
47.5,0.5,4151.400815390834,2713.436548121055,102.65409851074219,0.6381072998046875,True,True,False,0.0,4044.0
47.5,0.55,4111.164982224587,2689.5137201802113,102.66178131103516,0.6809463500976562,True,True,False,0.0,4044.0
47.5,0.6,4083.614263941592,2673.488309159934,102.66748046875,0.7246246337890625,True,True,False,0.0,4044.0
47.5,0.65,4066.4305670294575,2666.407834179603,102.67152404785156,0.7625885009765625,True,True,False,0.0,4044.0
47.5,0.7,4057.049642942723,2667.200587392898,102.67401885986328,0.7921829223632812,True,True,False,0.0,4044.0
47.5,0.75,4053.263797584191,2673.9599419462616,102.67503356933594,0.813079833984375,True,True,False,0.0,4044.0
47.5,0.8,4053.294447383222,2684.7770993561517,102.67466735839844,0.8260574340820312,True,True,False,0.0,4044.0
47.5,0.85,4055.7979814568744,2698.056067868004,102.67303466796875,0.8323135375976562,True,True,False,0.0,4044.0
47.5,0.9,4059.7863600209675,2712.5602139397934,102.67025756835938,0.8333282470703125,True,True,False,0.0,4044.0
47.5,0.95,4064.5244808544408,2728.221079510339,102.66650390625,0.8304290771484375,True,True,False,0.0,4044.0
47.5,1.0,4069.423606552354,2745.3673792298214,102.66191864013672,0.824951171875,True,True,False,0.0,4044.0
50.0,0.5,3775.2449359650814,2432.7633939817697,102.63765716552734,0.584991455078125,True,True,False,0.0,4044.0
50.0,0.55,3732.8264280086087,2409.8701512294924,102.6483154296875,0.6322860717773438,True,True,False,0.0,3664.0
50.0,0.6,3703.8669977567065,2394.6984495587817,102.65634155273438,0.6788177490234375,True,True,False,0.0,3664.0
50.0,0.65,3685.1682494279626,2387.6512768210882,102.66209411621094,0.7183990478515625,True,True,False,0.0,3664.0
50.0,0.7,3673.78793333348,2387.5592524533763,102.66570281982422,0.7486343383789062,True,True,False,0.0,3664.0
50.0,0.75,3667.490104113944,2392.6852603456946,102.66732025146484,0.7693634033203125,True,True,False,0.0,3664.0
50.0,0.8,3664.623746345094,2401.3349554687156,102.66712188720703,0.7815933227539062,True,True,False,0.0,3664.0
50.0,0.85,3663.9732072804018,2412.0922403470545,102.6653060913086,0.78668212890625,True,True,False,0.0,3664.0
50.0,0.9,3664.732318816254,2423.859149299472,102.66207885742188,0.7861557006835938,True,True,False,0.0,3664.0
50.0,0.95,3666.240948428463,2435.8156158904817,102.65768432617188,0.7815322875976562,True,True,False,0.0,3664.0
50.0,1.0,3668.04243884987,2447.3729982407644,102.65230560302734,0.774169921875,True,True,False,0.0,3664.0
52.5,0.5,3427.2613920126028,2174.009651674897,102.61674499511719,0.5373916625976562,True,True,False,0.0,3664.0
52.5,0.55,3385.675130912796,2152.238540750647,102.6302719116211,0.586029052734375,True,True,False,0.0,3319.0
52.5,0.6,3356.708237658229,2137.8107599082873,102.64049530029297,0.6320037841796875,True,True,False,0.0,3319.0
52.5,0.65,3337.2799800098564,2130.7960189179876,102.64781188964844,0.6700286865234375,True,True,False,0.0,3319.0
52.5,0.7,3324.6001656838544,2130.0517615939325,102.65245056152344,0.698272705078125,True,True,False,0.0,3319.0
52.5,0.75,3313.6270208346987,2134.014417130295,102.65462493896484,0.7169265747070312,True,True,False,0.0,3319.0
52.5,0.8,3303.069887515915,2141.1700692854497,102.65458679199219,0.727081298828125,True,True,False,0.0,3319.0
52.5,0.85,3297.204558886186,2150.245713485198,102.6526107788086,0.7302093505859375,True,True,False,0.0,3319.0
52.5,0.9,3294.190816633888,2160.24359527994,102.64900207519531,0.7279052734375,True,True,False,0.0,3319.0
52.5,0.95,3292.818561825193,2170.422417409146,102.64402770996094,0.7216567993164062,True,True,False,0.0,3319.0
52.5,1.0,3292.2298866036804,2180.253687571405,102.637939453125,0.7128067016601562,True,True,False,0.0,3319.0
55.0,0.5,3107.743165152953,1941.0331868640144,102.59075927734375,0.5,True,True,False,0.0,3319.0
55.0,0.55,3069.1006345873852,1919.624651406487,102.60691833496094,0.54510498046875,True,True,False,0.0,3006.0
55.0,0.6,3041.15830824698,1905.1963835155598,102.61906433105469,0.5878524780273438,True,True,False,0.0,3006.0
55.0,0.65,3021.5305142031916,1897.6849316564044,102.62771606445312,0.6219558715820312,True,True,False,0.0,3006.0
55.0,0.7,3007.92550886788,1896.0506173239564,102.63318634033203,0.6462936401367188,True,True,False,0.0,3006.0
55.0,0.75,2990.5237788310124,1898.8777260527888,102.63578796386719,0.6613616943359375,True,True,False,0.0,3006.0
55.0,0.8,2977.6693248949755,1904.7715505069611,102.63585662841797,0.668426513671875,True,True,False,0.0,3006.0
55.0,0.85,2969.1192978926138,1912.5386389972678,102.63373565673828,0.6690139770507812,True,True,False,0.0,3006.0
55.0,0.9,2963.287881863673,1921.2429792169926,102.62979888916016,0.6646652221679688,True,True,False,0.0,3006.0
55.0,0.95,2959.1309009823162,1930.185913536045,102.62434387207031,0.6568222045898438,True,True,False,0.0,3006.0
55.0,1.0,2955.920565646614,1938.8772910340076,102.61767578125,0.646728515625,True,True,False,0.0,3006.0
