regime,troncature,n_cellules,fold,rep,rmse_pfn,ape_pfn,rmse_v3,ape_v3,rmse_baseline,ape_baseline,n70_observe
complet / 5 cellules,999.0,5,102Ah_25degC_0p5C_cell3,0,0.4568947677438231,,2.519161539528671,,1.5629262340954897,,False
complet / 5 cellules,999.0,5,102Ah_25degC_1C_cell3,0,4.636245158314163,61.99386802342563,5.0898164143134315,11.508998262033247,7.201317955392715,124.92896938998311,True
complet / 5 cellules,999.0,5,102Ah_35degC_1C_cell1,0,1.256136909184464,8.108487598744073,12.395240909163327,27.993778458001568,2.686130527311037,9.866545320098167,True
complet / 5 cellules,999.0,5,102Ah_45degC_0p5C_cell3,0,3.5060570361271592,31.299681046505867,2.90304934917202,7.433116253720088,4.770557640334645,7.025426382056091,True
complet / 5 cellules,999.0,5,102Ah_45degC_1C_cell1,0,0.8046070402198686,,1.9259410005110786,,2.622282380001061,,False
complet / 5 cellules,999.0,5,102Ah_55degC_1C_cell3,0,3.7435608195092365,50.67948643994744,7.012642602994622,65.53744819757537,6.940711544841378,115.86352250925553,True
95% / 5 cellules,95.0,5,102Ah_25degC_0p5C_cell3,0,1.0970936794083228,,1.090853778761369,,1.1038164760174503,,False
95% / 5 cellules,95.0,5,102Ah_25degC_1C_cell3,0,3.087479303459106,5.111722033664081,6.577763732438862,13.028808250888504,1.9688088973753044,30.451450209955393,True
95% / 5 cellules,95.0,5,102Ah_35degC_1C_cell1,0,7.0287771810521935,13.303907265884742,14.710784565037113,41.5188378193782,9.566537058334346,26.125095191992926,True
95% / 5 cellules,95.0,5,102Ah_45degC_0p5C_cell3,0,2.2156343443144504,2.1878032576332025,10.099251328541483,30.8746485313402,8.870624399198405,26.23912039562532,True
95% / 5 cellules,95.0,5,102Ah_45degC_1C_cell1,0,2.736462146237595,,8.175519146443772,,5.681881467383711,,False
95% / 5 cellules,95.0,5,102Ah_55degC_1C_cell3,0,3.135744537357413,17.06753166414997,3.514364513749313,2.350420904048093,3.097548700757751,46.095129205178424,True
90% / 5 cellules,90.0,5,102Ah_25degC_0p5C_cell3,0,0.46187056193585085,,1.6530307243626448,,1.0553092319092983,,False
90% / 5 cellules,90.0,5,102Ah_25degC_1C_cell3,0,4.859936524576465,29.51343456482548,66.37630980895884,59.42114899943669,3.1562392706088804,55.203112612004546,True
90% / 5 cellules,90.0,5,102Ah_35degC_1C_cell1,0,1.925868450451896,17.801372851163475,19.36692616615946,39.89650158652746,3.196643778335873,10.097366366412354,True
90% / 5 cellules,90.0,5,102Ah_45degC_0p5C_cell3,0,4.159432486891937,24.68322842510177,56.321968887045465,48.20495059785038,3.903606224516405,0.7599772807861123,True
90% / 5 cellules,90.0,5,102Ah_45degC_1C_cell1,0,0.453617465784309,,3.2141989414917163,,1.1070709794396247,,False
90% / 5 cellules,90.0,5,102Ah_55degC_1C_cell3,0,4.797275761512618,55.191825126719195,4.4729354197137905,14.87115707073277,7.799603624426243,159.42130654813204,True
85% / 5 cellules,85.0,5,102Ah_25degC_0p5C_cell3,0,0.4445884348042624,,2.222012138425455,,1.056244709413501,,False
85% / 5 cellules,85.0,5,102Ah_25degC_1C_cell3,0,5.039895082266383,52.973708306660704,7.5755286128946135,18.22440669249988,3.2059846335446154,56.42248526156226,True
85% / 5 cellules,85.0,5,102Ah_35degC_1C_cell1,0,2.2995140722112937,37.40285539481923,56.317630988147755,48.62703985322765,2.122748931424028,20.26657303628599,True
85% / 5 cellules,85.0,5,102Ah_45degC_0p5C_cell3,0,4.585620393833449,40.94608367587143,1.461113548656712,9.023216461990637,4.2334730646769865,1.208940316121521,True
85% / 5 cellules,85.0,5,102Ah_45degC_1C_cell1,0,0.5714431623026403,,1.8009377625369578,,0.9111757652542498,,False
85% / 5 cellules,85.0,5,102Ah_55degC_1C_cell3,0,4.906311047921713,61.714125747153645,6.993941063867754,105.32442659161414,7.975746414393298,168.05539040315833,True
complet / 3 cellules,999.0,3,102Ah_25degC_0p5C_cell3,0,0.37274085495278436,,2.3914688040200596,,2.607616351976729,,False
complet / 3 cellules,999.0,3,102Ah_25degC_0p5C_cell3,1,0.4281772643481485,,2.2350577361350785,,0.6450429101521948,,False
complet / 3 cellules,999.0,3,102Ah_25degC_0p5C_cell3,2,0.4271264873269284,,2.454866898100028,,2.2993838103906596,,False
complet / 3 cellules,999.0,3,102Ah_25degC_0p5C_cell3,3,0.3917536232559291,,2.162887727436478,,1.9075237757373398,,False
complet / 3 cellules,999.0,3,102Ah_25degC_1C_cell3,0,4.650384767103758,66.45556109641943,8.125711715370786,18.237300593726477,6.010655979382723,95.53647178109338,True
complet / 3 cellules,999.0,3,102Ah_25degC_1C_cell3,1,4.76056422634268,74.64572114052086,7.5067388515425995,15.694853296861163,2.6535829215386926,45.77165643674434,True
complet / 3 cellules,999.0,3,102Ah_25degC_1C_cell3,2,4.588312394925045,69.63072218234815,9.338777695703504,13.737741434321041,8.204136026554526,,True
complet / 3 cellules,999.0,3,102Ah_25degC_1C_cell3,3,4.739989224989181,46.69566399235393,15.277876787774435,32.261982268141395,7.430240428242975,,True
complet / 3 cellules,999.0,3,102Ah_35degC_1C_cell1,0,1.5012830972509597,7.506798996863289,10.1469171366862,23.743657871186894,5.1047321601378295,6.40683165215962,True
complet / 3 cellules,999.0,3,102Ah_35degC_1C_cell1,1,1.7231920452287386,17.962832608685915,31.13270314359465,23.51182096909934,1.8419965585771938,20.776888057401553,True
complet / 3 cellules,999.0,3,102Ah_35degC_1C_cell1,2,1.4405981531856566,10.27875669801031,33.27042229284556,34.744866605257535,5.779504637905547,9.881021279017546,True
complet / 3 cellules,999.0,3,102Ah_35degC_1C_cell1,3,1.8488626732123752,29.009110197020533,13.243451025615695,30.750190428167556,2.810522512071166,70.0369219381017,True
complet / 3 cellules,999.0,3,102Ah_45degC_0p5C_cell3,0,4.386223622733986,49.09360544337484,8.507296742163362,88.42505691685324,6.234643233817535,104.57057402942407,True
complet / 3 cellules,999.0,3,102Ah_45degC_0p5C_cell3,1,4.549461145799042,35.694082155828816,1.8322092539882187,3.1368579331760738,4.211806048128491,67.53973005636033,True
complet / 3 cellules,999.0,3,102Ah_45degC_0p5C_cell3,2,4.176800022998655,15.653228555400043,13.179980225238443,22.55230135917569,5.171096996490519,10.204123602898491,True
complet / 3 cellules,999.0,3,102Ah_45degC_0p5C_cell3,3,4.265799298089907,58.67986077132469,3.8459490988541627,29.328063161713523,2.3865710521772687,37.26358404049564,True
complet / 3 cellules,999.0,3,102Ah_45degC_1C_cell1,0,0.38071041133695804,,4.818997302567586,,2.795555466269736,,False
complet / 3 cellules,999.0,3,102Ah_45degC_1C_cell1,1,1.3096694721191335,,1.6106331669271674,,3.52207964874376,,False
complet / 3 cellules,999.0,3,102Ah_45degC_1C_cell1,2,1.026649841052826,,3.2779835631229974,,4.323886953502927,,False
complet / 3 cellules,999.0,3,102Ah_45degC_1C_cell1,3,1.1844156800483416,,1.676371422083744,,1.4840944471497406,,False
complet / 3 cellules,999.0,3,102Ah_55degC_1C_cell3,0,5.285625003831912,65.75490164262723,12.98401144528983,268.5107406973528,10.434574145845332,259.5369306317136,True
complet / 3 cellules,999.0,3,102Ah_55degC_1C_cell3,1,4.281103354254401,46.79654130870405,6.124136994681327,48.35603798444287,2.123142066158436,16.945095934182177,True
complet / 3 cellules,999.0,3,102Ah_55degC_1C_cell3,2,5.431425372279548,53.30016020739426,6.809611210470698,54.8061405525756,8.33287496216974,171.5315597622451,True
complet / 3 cellules,999.0,3,102Ah_55degC_1C_cell3,3,3.928588364209286,48.1648685173084,7.829271805828078,82.48904419938658,5.249984332615051,75.66409700050708,True
95% / 3 cellules,95.0,3,102Ah_25degC_0p5C_cell3,0,1.058982250604506,,1.2124038037575138,,2.8745897875627042,,False
95% / 3 cellules,95.0,3,102Ah_25degC_0p5C_cell3,1,1.158230626382699,,1.1885463996712606,,0.599369118170949,,False
95% / 3 cellules,95.0,3,102Ah_25degC_0p5C_cell3,2,1.1595182230633077,,1.0956594462219769,,0.73328448511823,,False
95% / 3 cellules,95.0,3,102Ah_25degC_0p5C_cell3,3,1.1692484486753234,,1.3747299809182072,,0.6906762012886501,,False
95% / 3 cellules,95.0,3,102Ah_25degC_1C_cell3,0,3.1252790082386555,5.305200684710692,7.597993655621716,17.66030571081106,1.8682964549870171,25.898002971079016,True
95% / 3 cellules,95.0,3,102Ah_25degC_1C_cell3,1,2.7163272408196883,4.201041189066388,7.712453997041255,18.113776319090142,3.8907885247271126,64.2058331028094,True
95% / 3 cellules,95.0,3,102Ah_25degC_1C_cell3,2,2.8840070264766533,4.3050784603990975,6.732794780065433,13.720139528899514,5.344305614539815,89.2141356780156,True
95% / 3 cellules,95.0,3,102Ah_25degC_1C_cell3,3,2.2536958289871993,2.5129555170832214,9.395823685892658,24.670055112215017,4.851876854315859,2.2904580852942305,True
95% / 3 cellules,95.0,3,102Ah_35degC_1C_cell1,0,5.7899023266316405,10.975107542045428,14.016654757871118,39.806981979712646,7.833877563375614,18.99091263182417,True
95% / 3 cellules,95.0,3,102Ah_35degC_1C_cell1,1,6.738757919060494,12.40689033868164,13.902051638526798,39.53268122982291,7.742821531684952,18.572039913915454,True
95% / 3 cellules,95.0,3,102Ah_35degC_1C_cell1,2,5.648405780264636,10.202173647038132,15.983094094443565,44.40360799423325,10.800501872035301,30.549218652102063,True
95% / 3 cellules,95.0,3,102Ah_35degC_1C_cell1,3,7.00492476465079,13.379909278733074,13.690526990094178,39.01002901714742,7.75342847118642,18.532258670142124,True
95% / 3 cellules,95.0,3,102Ah_45degC_0p5C_cell3,0,1.6367588639150417,2.4387365189324615,1.9543097648111807,24.38264741772868,4.483154199340284,69.25369036723794,True
95% / 3 cellules,95.0,3,102Ah_45degC_0p5C_cell3,1,1.8774425246568673,0.3513444972518113,9.09714148509874,27.521554059932683,3.382775761819158,2.8771395586449597,True
95% / 3 cellules,95.0,3,102Ah_45degC_0p5C_cell3,2,1.8265160365671664,0.6257154865245484,12.648524490622059,38.17238630992745,8.57284086080238,25.151589439995924,True
95% / 3 cellules,95.0,3,102Ah_45degC_0p5C_cell3,3,1.997341664645999,3.278009198002235,7.414497237446809,21.061668642070288,13.024355927488712,39.37210291748127,True
95% / 3 cellules,95.0,3,102Ah_45degC_1C_cell1,0,2.0451203053453293,,1.6459813076838063,,1.2640081119403281,,False
95% / 3 cellules,95.0,3,102Ah_45degC_1C_cell1,1,2.4969122601515097,,7.562645251204417,,3.951152090101809,,False
95% / 3 cellules,95.0,3,102Ah_45degC_1C_cell1,2,2.656674074589341,,9.957174775576416,,7.811326367811266,,False
95% / 3 cellules,95.0,3,102Ah_45degC_1C_cell1,3,2.3003199678393016,,6.316791032962202,,1.4624347108579165,,False
95% / 3 cellules,95.0,3,102Ah_55degC_1C_cell3,0,2.9332217263065505,14.012793843901594,7.3750109999284605,113.42234966836355,8.75878025489742,177.12014578705418,True
95% / 3 cellules,95.0,3,102Ah_55degC_1C_cell3,1,2.8139920251254806,11.35485572358696,4.518289891950409,4.370399262355179,2.3209819037709747,32.48652791677207,True
95% / 3 cellules,95.0,3,102Ah_55degC_1C_cell3,2,3.1635507227275466,14.264078933865305,4.248216220244674,2.597683571784896,2.42276127804148,34.58368118986541,True
95% / 3 cellules,95.0,3,102Ah_55degC_1C_cell3,3,3.154332101067259,14.881219438941864,3.422249935198885,3.128439490503497,4.644054284396049,71.67439198438463,True
