lab,m,err_sohk,err_p,sk_vrai,sk_fit
0,24,6.961866946722296,0.05674137667819101,82.56859994793355,75.60673300121125
0,32,0.14326448525952173,0.0698767566851507,82.56859994793355,82.42533546267403
0,48,5.022068147787223,0.05549097236478828,82.56859994793355,77.54653180014633
0,128,3.9580550501277827,0.06124979302855782,82.56859994793355,78.61054489780577
0,9999,2.317890160003614,0.1370559016280407,82.56859994793355,80.25070978792994
1,24,3.9274935295003104,0.08869156702627867,81.6350321274386,77.7075385979383
1,32,6.280157221378246,0.09453044528842569,81.6350321274386,75.35487490606036
1,48,6.493862479598917,0.10135535051941247,81.6350321274386,75.14116964783969
1,128,6.342983787361277,0.10160213351801861,81.6350321274386,75.29204834007733
1,9999,5.3868870703265515,0.06999985789735497,81.6350321274386,76.24814505711205
2,24,2.4575538275072972,0.0938773363776152,79.77786177824514,77.32030795073784
2,32,1.9448057955889055,0.09419560114016656,79.77786177824514,77.83305598265623
2,48,2.114233937784576,0.10035619556097619,79.77786177824514,77.66362784046056
2,128,1.933773171946413,0.10097578793272421,79.77786177824514,77.84408860629873
2,9999,1.4789784842330107,0.09082903972139511,79.77786177824514,78.29888329401213
3,24,0.869543305826582,0.08822061512983936,80.63482823007239,79.7652849242458
3,32,1.4918138855203154,0.08742686034414504,80.63482823007239,79.14301434455207
3,48,1.82646343369548,0.08931261798872348,80.63482823007239,78.8083647963769
3,128,5.376294690501737,0.10851925036672516,80.63482823007239,75.25853353957065
3,9999,2.320193593059898,0.04814009868457825,80.63482823007239,82.95502182313228
4,24,0.6585035384188842,0.021980990373441922,81.49642341217312,80.83791987375423
4,32,0.4550896693639288,0.013831903023231673,81.49642341217312,81.04133374280919
4,48,0.6091763372561729,0.021373313134018357,81.49642341217312,80.88724707491694
4,128,1.8160494488715955,0.006733027389115631,81.49642341217312,79.68037396330152
4,9999,0.6080568457198439,0.08490528649784829,81.49642341217312,80.88836656645327
5,24,2.7786272381920583,0.005703933842101994,83.75072737900938,86.52935461720143
5,32,3.492901901444654,0.005243570895342775,83.75072737900938,87.24362928045403
5,48,2.4638992339550896,0.0035997747325733354,83.75072737900938,86.21462661296447
5,128,0.10289799730909976,0.01211834321247851,83.75072737900938,83.85362537631848
5,9999,3.7004721799848426,0.06585490100100111,83.75072737900938,87.45119955899422
6,24,6.654557471517762,0.15399722033875884,82.18099760043697,88.83555507195473
6,32,7.9959778890736715,0.1478071672176443,82.18099760043697,90.17697548951064
6,48,7.056000098753032,0.16014116692724667,82.18099760043697,89.23699769919
6,128,3.0230177913739595,0.14468463874176163,82.18099760043697,79.15797980906301
6,9999,1.9969611249303938,0.07622207685554516,82.18099760043697,80.18403647550657
7,24,0.39350586620616923,0.04820067605905609,78.62926224347898,79.02276810968515
7,32,0.3563323961628413,0.04982605450476696,78.62926224347898,78.98559463964182
7,48,0.2908919644710011,0.053427518317222256,78.62926224347898,78.92015420794998
7,128,0.031215976528145006,0.052724076565506484,78.62926224347898,78.66047822000712
7,9999,0.5751024724485916,0.051850331256804716,78.62926224347898,79.20436471592757
8,24,0.5242134428549434,0.06359759474923532,81.11391698626511,80.58970354341017
8,32,0.7870455795113145,0.07693205050928176,81.11391698626511,80.3268714067538
8,48,0.505520524511283,0.06373938811711743,81.11391698626511,80.60839646175383
8,128,0.4679139127743781,0.06399864464217797,81.11391698626511,80.64600307349073
8,9999,0.4684062767536403,0.022933181736623398,81.11391698626511,81.58232326301875
9,24,2.1419316479017994,0.06849112178607597,80.61136090285268,82.75329255075448
9,32,0.7992667709595196,0.08116332972150564,80.61136090285268,81.4106276738122
9,48,0.7019091145409675,0.0831562077013871,80.61136090285268,81.31327001739365
9,128,0.9029542944723374,0.07673027774415808,80.61136090285268,81.51431519732502
9,9999,1.0572834928896242,0.05690029863107943,80.61136090285268,81.6686443957423
10,24,15.633515327255807,0.0182036416243061,82.36648467223593,97.99999999949173
10,32,15.633515327737499,0.025012512631495953,82.36648467223593,97.99999999997343
10,48,15.633515327704472,0.035544466851261336,82.36648467223593,97.9999999999404
10,128,15.633515327763746,0.014666026027628565,82.36648467223593,97.99999999999967
10,9999,14.554820844410287,0.041941262412361846,82.36648467223593,96.92130551664621
11,24,1.2539504857298596,0.05795232922480836,84.68982296795066,83.4358724822208
11,32,0.7476566503820266,0.06348487522356722,84.68982296795066,83.94216631756863
11,48,0.24993129454681196,0.06402405087442714,84.68982296795066,84.43989167340385
11,128,0.2738793878809389,0.06166295322915166,84.68982296795066,84.41594358006972
11,9999,0.20681633971194913,0.02750124504384882,84.68982296795066,84.89663930766261
12,24,1.744797581559638,0.013558932783982458,81.9696763300166,83.71447391157623
12,32,1.4259209898104928,0.02866347839669814,81.9696763300166,83.39559731982709
12,48,1.3520732345371727,0.027700095123919022,81.9696763300166,83.32174956455377
12,128,1.4402477303527093,0.03214669225192568,81.9696763300166,83.4099240603693
12,9999,1.5096261420468835,0.025333194099304457,81.9696763300166,83.47930247206348
13,24,4.506526890453458,0.015968751884533283,76.40495201861859,71.89842512816513
13,32,5.010016981001428,0.006126544584341254,76.40495201861859,71.39493503761716
13,48,4.7486832813278,0.004619637561085299,76.40495201861859,71.65626873729079
13,128,4.23519047987206,0.00361961117109455,76.40495201861859,72.16976153874653
13,9999,1.278104949146126,0.08940246849667821,76.40495201861859,75.12684706947246
14,24,1.6365726033506007,0.07954639825123155,80.24963229452398,78.61305969117338
14,32,2.5089097158667215,0.08828969705297052,80.24963229452398,77.74072257865726
14,48,1.6937368385086273,0.08168628198184213,80.24963229452398,78.55589545601535
14,128,2.2057068907204354,0.08335220176743086,80.24963229452398,78.04392540380354
14,9999,2.4940714506806643,0.09714621910000687,80.24963229452398,77.75556084384331
15,24,10.40754149320469,0.0346400039150192,81.80173296475712,92.20927445796181
15,32,9.86295587616955,0.03710446454624883,81.80173296475712,91.66468884092667
15,48,8.107022367768408,0.05566744230288423,81.80173296475712,89.90875533252553
15,128,7.986224335592112,0.06371253615698935,81.80173296475712,89.78795730034923
15,9999,8.62681637563,0.08407096490040089,81.80173296475712,90.42854934038712
16,24,6.139632816107607,0.1516065345074492,82.67460854698496,88.81424136309256
16,32,8.738522817870162,0.16253295628643327,82.67460854698496,73.9360857291148
16,48,15.325391447832985,0.15511383069644247,82.67460854698496,97.99999999481794
16,128,15.32539145162383,0.14812919364440658,82.67460854698496,97.99999999860879
16,9999,5.703961918326925,0.22038658919140242,82.67460854698496,76.97064662865803
17,24,3.985449444528115,0.02364522429776783,77.9707817545945,73.98533231006638
17,32,4.50074456189536,0.02761644545680575,77.9707817545945,73.47003719269914
17,48,4.452030033033907,0.03335588764278585,77.9707817545945,73.51875172156059
17,128,2.5966299484017696,0.026736298878343834,77.9707817545945,75.37415180619273
17,9999,1.6713897125928128,0.0029036087009037814,77.9707817545945,76.29939204200168
18,24,2.925517684491197,0.060002990411219814,79.13301979282478,76.20750210833359
18,32,1.552405251266265,0.05221798276925094,79.13301979282478,77.58061454155852
18,48,2.0933560688882267,0.06259792300865152,79.13301979282478,77.03966372393656
18,128,1.6683462663651483,0.05938384706517352,79.13301979282478,77.46467352645963
18,9999,1.5062333575248061,0.039148204400008435,79.13301979282478,77.62678643529998
19,24,0.3962748794480859,0.03176582863670302,80.2204607345381,80.61673561398618
19,32,0.5466385337031312,0.02794265166751525,80.2204607345381,80.76709926824122
19,48,0.48537164133155386,0.029094383032643556,80.2204607345381,80.70583237586965
19,128,0.8419529223071862,0.022613353892361243,80.2204607345381,81.06241365684528
19,9999,2.5035979048534074,0.05810610103132485,80.2204607345381,82.7240586393915
20,24,4.631827711841652,0.05927190873748933,81.91020405247086,77.27837634062921
20,32,5.586378912623729,0.06447151585006661,81.91020405247086,76.32382513984713
20,48,6.556639609220468,0.0668628660277647,81.91020405247086,75.35356444325039
20,128,14.803968117364008,0.05794463832778818,81.91020405247086,96.71417216983487
20,9999,15.63754171367765,0.007070054518217739,81.91020405247086,97.54774576614851
21,24,1.4199413436133739,0.03101458259107881,79.22384968452683,77.80390834091345
21,32,0.21667363582935195,0.031236482664829035,79.22384968452683,79.00717604869747
21,48,0.011230078907132679,0.031587874949903116,79.22384968452683,79.2126196056197
21,128,0.056462821134644514,0.03703099464772042,79.22384968452683,79.16738686339218
21,9999,0.5982757032487172,0.004268439086978826,79.22384968452683,79.82212538777554
22,24,5.813404626427044,0.09131672849950023,82.77943383395261,88.59283846037965
22,32,7.683279955824986,0.05733079210202596,82.77943383395261,90.4627137897776
22,48,9.043845007949471,0.04781841207775894,82.77943383395261,91.82327884190208
22,128,5.787654755799011,0.09776210753183634,82.77943383395261,88.56708858975162
22,9999,4.610811011978242,0.15171526723479234,82.77943383395261,87.39024484593085
23,24,0.577965833590568,0.05864757162352996,82.76002286584773,82.18205703225716
23,32,0.3723402060106338,0.05370809153192879,82.76002286584773,82.3876826598371
23,48,0.621489606561596,0.059443862990760654,82.76002286584773,82.13853325928613
23,128,0.6007200703061244,0.0596628621396289,82.76002286584773,82.1593027955416
23,9999,0.3011760533745189,0.051535150878672886,82.76002286584773,82.45884681247321
24,24,1.2747606847399737,0.09349586449330016,82.41826610775128,81.1435054230113
24,32,1.2271893171207324,0.10276571327186479,82.41826610775128,81.19107679063055
24,48,1.390525396867261,0.10666635343000075,82.41826610775128,81.02774071088402
24,128,1.4952105701455025,0.10260514639587826,82.41826610775128,80.92305553760578
24,9999,0.01844506481772612,0.050061746838499455,82.41826610775128,82.39982104293355
25,24,0.6853877701375808,0.004819256943723427,86.62518869857495,85.93980092843736
25,32,0.8298761556225003,0.013468913083639733,86.62518869857495,85.79531254295244
25,48,0.8922982292179427,0.026566564936804093,86.62518869857495,85.732890469357
25,128,0.6843513063679296,0.022981934127422554,86.62518869857495,85.94083739220702
25,9999,0.48768582810518524,0.04901990553721314,86.62518869857495,87.11287452668013
26,24,1.8970619808579698,0.06961848737673076,79.168905167866,77.27184318700803
26,32,1.4544469431438927,0.07026116145252853,79.168905167866,77.71445822472211
26,48,0.9315420336357505,0.07030766293403473,79.168905167866,78.23736313423025
26,128,0.8541772958589604,0.07219143262351019,79.168905167866,78.31472787200704
26,9999,1.555687562211105,0.057651239520039976,79.168905167866,77.6132176056549
27,24,3.3402911971056994,0.10354714045896996,81.57172575913765,78.23143456203195
27,32,0.46019553447720796,0.09412818056774386,81.57172575913765,81.11153022466044
27,48,0.9328780779552233,0.09651371705538725,81.57172575913765,80.63884768118243
27,128,0.27092015149339943,0.08605671097834866,81.57172575913765,81.84264591063105
27,9999,1.261544175483479,0.13588240639589388,81.57172575913765,80.31018158365417
28,24,1.839252380627471,0.023482632009216853,80.80718134327086,78.96792896264338
28,32,2.341719516440037,0.02133749828197007,80.80718134327086,78.46546182683082
28,48,1.8584628546494883,0.020733067148468898,80.80718134327086,78.94871848862137
28,128,1.8214705631006751,0.020019013051137957,80.80718134327086,78.98571078017018
28,9999,0.12193827500784948,0.08921203237414621,80.80718134327086,80.9291196182787
29,24,1.424002709524487,0.060060076373360194,83.79886165667885,82.37485894715437
29,32,1.9238536124804853,0.10615753134531514,83.79886165667885,81.87500804419837
29,48,2.0400822746305636,0.09426425945616035,83.79886165667885,81.75877938204829
29,128,2.1600898751583344,0.10607130682237131,83.79886165667885,81.63877178152052
29,9999,1.9309843215908415,0.10541242310472665,83.79886165667885,81.86787733508801
30,24,0.7341002722613865,0.027647079269261188,83.71590413820226,84.45000441046365
30,32,0.1165957911403126,0.03519529484122014,83.71590413820226,83.59930834706195
30,48,0.8221058251169069,0.023723282940547374,83.71590413820226,84.53800996331917
30,128,0.8466471839496279,0.025018871401085163,83.71590413820226,84.56255132215189
30,9999,1.9763354367422608,0.053146097703638595,83.71590413820226,85.69223957494452
31,24,1.6256772322214914,0.07352956076983252,80.4639929934819,78.8383157612604
31,32,4.046467308014044,0.07431515078755224,80.4639929934819,76.41752568546785
31,48,2.0787573581402086,0.07220915157806973,80.4639929934819,78.38523563534169
31,128,1.9981233506563996,0.06467371217062179,80.4639929934819,78.4658696428255
31,9999,1.6444810916473074,0.0829822129979284,80.4639929934819,78.81951190183459
32,24,5.3001687968943685,0.06091145899182371,79.36264782803909,74.06247903114472
32,32,4.13597084819007,0.058003012360974826,79.36264782803909,75.22667697984902
32,48,3.68781364260181,0.05969698666603096,79.36264782803909,75.67483418543728
32,128,3.390412499948752,0.06230956089330997,79.36264782803909,75.97223532809033
32,9999,2.13822822879429,0.045521175683668424,79.36264782803909,77.2244195992448
33,24,1.0318641570168268,0.06814993242549183,82.3095237234129,83.34138788042972
33,32,1.894701608015822,0.07301913478335564,82.3095237234129,84.20422533142872
33,48,1.5431379916900454,0.08476207433352312,82.3095237234129,83.85266171510294
33,128,1.706270634114702,0.07502038099594877,82.3095237234129,84.0157943575276
33,9999,1.9805310730241388,0.07218735839634327,82.3095237234129,84.29005479643703
34,24,0.8235690395755597,0.01689010871281349,81.33282310243524,82.1563921420108
34,32,0.32243741723677033,0.025724361544738783,81.33282310243524,81.01038568519847
34,48,0.42584741803401016,0.030924080839154433,81.33282310243524,80.90697568440123
34,128,0.4628894359880036,0.025297978977708913,81.33282310243524,80.86993366644724
34,9999,0.018769643245889256,0.002780520914293705,81.33282310243524,81.31405345918935
35,24,21.66565407209555,0.1006832525810748,81.6656540723927,60.00000000029715
35,32,21.665654069041054,0.106813460926657,81.6656540723927,60.000000003351644
35,48,21.665653905557697,0.11607884204793262,81.6656540723927,60.000000166835
35,128,21.66565407169186,0.11817066859871095,81.6656540723927,60.00000000070084
35,9999,21.665654072392684,0.0667163140837288,81.6656540723927,60.000000000000014
36,24,1.2910928108996274,0.06917682957741278,80.4353376969431,79.14424488604347
36,32,1.1668561293382993,0.07427529293439328,80.4353376969431,79.2684815676048
36,48,1.4040192034180592,0.08056229711256635,80.4353376969431,79.03131849352503
36,128,1.4081110103170147,0.07708967923904786,80.4353376969431,79.02722668662608
36,9999,0.019605253917788446,0.02278434531061202,80.4353376969431,80.4157324430253
37,24,0.4742027640379689,0.059756595434639626,85.0127566429106,84.53855387887263
37,32,0.5802010561698836,0.07042442265053561,85.0127566429106,84.43255558674072
37,48,0.5301145232773621,0.06789054528519323,85.0127566429106,84.48264211963324
37,128,0.49198426296969444,0.0684913674034473,85.0127566429106,84.52077237994091
37,9999,0.15824552693931082,0.04946619778514638,85.0127566429106,84.85451111597129
38,24,6.258935939749634,0.08976701521294828,79.59448978015946,73.33555384040983
38,32,6.549109766506945,0.09928830341680406,79.59448978015946,73.04538001365252
38,48,6.362644034186616,0.10396168961692809,79.59448978015946,73.23184574597285
38,128,5.921023324140094,0.1045616113531288,79.59448978015946,73.67346645601937
38,9999,5.595271692864557,0.08256559728155277,79.59448978015946,73.9992180872949
39,24,1.9268794178910582,0.01804349143604589,80.7412865010457,78.81440708315465
39,32,2.2594562474885294,0.010861315372928226,80.7412865010457,78.48183025355718
39,48,2.4242926501414956,0.0051828991903791755,80.7412865010457,78.31699385090421
39,128,1.9933078820202894,0.011878502554475534,80.7412865010457,78.74797861902542
39,9999,1.4440984928694007,0.031775474031957796,80.7412865010457,79.2971880081763
40,24,0.4461660035912445,0.0174724354311544,82.56012922211153,83.00629522570277
40,32,3.082476016793578,0.049367488076776045,82.56012922211153,79.47765320531795
40,48,3.4263423689234145,0.05624040000682906,82.56012922211153,79.13378685318811
40,128,2.3671719532282935,0.050905936014181696,82.56012922211153,80.19295726888323
40,9999,2.677952999494977,0.02433113391831332,82.56012922211153,79.88217622261655
41,24,2.969961464742326,0.03700307923465651,78.08813844196145,75.11817697721912
41,32,2.269905600233031,0.034784256687624304,78.08813844196145,75.81823284172842
41,48,2.217506388590678,0.04339803806727893,78.08813844196145,75.87063205337077
41,128,1.9860952595347214,0.02805055016339164,78.08813844196145,76.10204318242673
41,9999,10.619838605981442,0.06176423600485026,78.08813844196145,88.70797704794289
42,24,0.7954777717034887,0.051910227774185747,85.664052769887,84.8685749981835
42,32,1.0889488879938938,0.06432921092376487,85.664052769887,84.5751038818931
42,48,0.7630705678428598,0.06253335363098989,85.664052769887,84.90098220204413
42,128,0.7534023456965571,0.06142157689395267,85.664052769887,84.91065042419044
42,9999,0.14828207023482776,0.01174017202822375,85.664052769887,85.81233484012182
43,24,3.2612854110792,0.03884543139977825,81.70599247485454,78.44470706377534
43,32,0.8235131059511076,0.03308899686440181,81.70599247485454,82.52950558080565
43,48,0.13246499144415225,0.03258915861122891,81.70599247485454,81.57352748341039
43,128,0.8435220269160055,0.03542648386647895,81.70599247485454,80.86247044793853
43,9999,0.45711335781305706,0.0016230737643937454,81.70599247485454,81.24887911704148
44,24,2.951703468820128,0.014928831866082515,78.77418622821531,81.72588969703544
44,32,4.292388860028822,0.006412364634112544,78.77418622821531,83.06657508824414
44,48,3.3593893137738604,0.001853286487067729,78.77418622821531,82.13357554198917
44,128,4.373823616317992,0.01613710737739593,78.77418622821531,83.1480098445333
44,9999,5.420688431509973,0.05702922717247905,78.77418622821531,84.19487465972529
45,24,2.927284420975951,0.019468865885637787,77.09868562273222,74.17140120175627
45,32,1.3384090763276646,0.020933109888679358,77.09868562273222,75.76027654640455
45,48,2.3417346019145953,0.021640115546560645,77.09868562273222,74.75695102081762
45,128,1.711255674840018,0.02141452160442081,77.09868562273222,75.3874299478922
45,9999,1.284603050423641,0.0009565919461932415,77.09868562273222,75.81408257230858
46,24,2.0955920808695225,0.054592513556748434,81.73846257886237,83.83405465973189
46,32,0.7356787489463272,0.06135580835883192,81.73846257886237,82.4741413278087
46,48,0.42348164752716855,0.057797046059111956,81.73846257886237,82.16194422638954
46,128,0.5369986205727599,0.06374092182526836,81.73846257886237,82.27546119943513
46,9999,0.5042525716038284,0.060679665012074224,81.73846257886237,82.2427151504662
47,24,5.302958063085214,0.06397908729863755,79.43939877824562,84.74235684133083
47,32,6.480877811394379,0.06227476439968249,79.43939877824562,85.92027658964
47,48,7.782104050712135,0.06660308206454613,79.43939877824562,87.22150282895775
47,128,8.703200314922825,0.06125049891390466,79.43939877824562,88.14259909316844
47,9999,9.122729855179685,0.03172925724538578,79.43939877824562,88.5621286334253
48,24,2.9573303844481984,0.05743104115312836,82.69180410016254,79.73447371571434
48,32,2.3871951668004954,0.07066283543510687,82.69180410016254,80.30460893336205
48,48,1.4063549169615754,0.05761891146262388,82.69180410016254,81.28544918320097
48,128,1.3675154506876481,0.055218446324430626,82.69180410016254,81.3242886494749
48,9999,1.4763487903470747,0.04551498973337598,82.69180410016254,81.21545530981547
49,24,5.2973527004039624,0.13407309495822817,85.11949061870726,79.8221379183033
49,32,3.4797456311224693,0.13217647229343477,85.11949061870726,81.63974498758479
49,48,4.049106991368092,0.1376385632431597,85.11949061870726,81.07038362733917
49,128,3.279529317999746,0.12066657684932203,85.11949061870726,81.83996130070751
49,9999,2.1914114431575626,0.06575820706681557,85.11949061870726,82.9280791755497
50,24,0.41439849280421015,0.027351076422451603,78.52786093055329,78.9422594233575
50,32,1.020723857909985,0.029510732453632782,78.52786093055329,77.5071370726433
50,48,2.3284815150894502,0.031071089484150938,78.52786093055329,76.19937941546384
50,128,1.8731511373218268,0.030557531118190262,78.52786093055329,76.65470979323146
50,9999,19.472139069445333,0.09249545330514769,78.52786093055329,97.99999999999862
51,24,1.9277944209623996,0.06125804541942281,78.37169187515643,76.44389745419403
51,32,2.296621792209052,0.06466055559814687,78.37169187515643,76.07507008294738
51,48,2.153003826363431,0.0628508039363298,78.37169187515643,76.218688048793
51,128,2.05058441702802,0.06156729617738721,78.37169187515643,76.32110745812841
51,9999,0.7143964735157624,0.0013089106235564252,78.37169187515643,77.65729540164067
52,24,0.7333885622836362,0.054346942891852046,81.360675707329,80.62728714504536
52,32,0.3457767086891437,0.047679238090622134,81.360675707329,81.01489899863985
52,48,0.8538602432156779,0.06145448137435494,81.360675707329,80.50681546411332
52,128,0.3608337204513674,0.0589298208493253,81.360675707329,80.99984198687763
52,9999,0.32556629651251967,0.043523516455373445,81.360675707329,81.68624200384151
53,24,2.216218744392208,0.016118382058636804,82.16724412799216,79.95102538359995
53,32,1.328317720198541,0.022930311288144045,82.16724412799216,80.83892640779362
53,48,1.7285431528625566,0.02035070415911122,82.16724412799216,83.89578728085472
53,128,1.4827562399582774,0.016977151202692276,82.16724412799216,83.65000036795044
53,9999,1.7242750556473965,0.00439313565701116,82.16724412799216,83.89151918363956
54,24,0.5802872907027989,0.06208222041846745,81.30361788878518,80.72333059808238
54,32,1.131542490659271,0.06751440017842014,81.30361788878518,80.17207539812591
54,48,0.6043438677713766,0.05873099756318878,81.30361788878518,80.6992740210138
54,128,0.43864557239130875,0.042731581122584794,81.30361788878518,80.86497231639387
54,9999,0.1508648003262607,0.014122195350121158,81.30361788878518,81.45448268911144
55,24,19.436318272435294,0.04138833023331201,79.77584729932073,60.33952902688544
55,32,19.688194588275493,0.04915541354211539,79.77584729932073,60.08765271104524
55,48,19.396559051034373,0.04562375881925229,79.77584729932073,60.37928824828636
55,128,19.16299590430056,0.04306019699981167,79.77584729932073,60.61285139502017
55,9999,15.491809020417037,0.034852096466611915,79.77584729932073,64.2840382789037
56,24,6.326592208663925,0.06962724746524773,85.96243197602438,79.63583976736045
56,32,6.249425673792999,0.08400531560911995,85.96243197602438,79.71300630223138
56,48,6.442763948216765,0.08752210204201583,85.96243197602438,79.51966802780761
56,128,3.4286468034456448,0.08540487669328023,85.96243197602438,82.53378517257873
56,9999,4.325147694797224,0.05598258422964619,85.96243197602438,81.63728428122715
57,24,13.309939293474343,0.12420457977148158,82.22542926235977,95.53536855583411
57,32,6.145627965330561,0.16010323421572725,82.22542926235977,76.0798012970292
57,48,5.475046947149835,0.1577176100961305,82.22542926235977,76.75038231520993
57,128,5.672706251968023,0.15471682658543306,82.22542926235977,76.55272301039174
57,9999,7.233590952101977,0.178374200099378,82.22542926235977,74.99183831025779
58,24,3.8144034787191003,0.09421711253849907,82.45488574398259,78.64048226526349
58,32,1.0649610190017,0.08761593877305418,82.45488574398259,81.38992472498089
58,48,3.1684516277591683,0.08677545766800043,82.45488574398259,79.28643411622342
58,128,1.8124391385887861,0.08390805874062901,82.45488574398259,80.6424466053938
58,9999,1.4040546964319987,0.0597571757798846,82.45488574398259,81.05083104755059
59,24,0.2839200399741628,0.1107590847929591,81.91673291723184,81.63281287725768
59,32,0.366529956587641,0.12090234032356434,81.91673291723184,81.5502029606442
59,48,5.508970521341638,0.13303900023739296,81.91673291723184,87.42570343857348
59,128,5.204330958070372,0.11562370734121047,81.91673291723184,87.12106387530221
59,9999,2.507758985183159,0.059420582955573786,81.91673291723184,84.424491902415
60,24,2.4739463908419594,0.07660006001874642,83.17860432496101,85.65255071580297
60,32,1.6741734270785145,0.08697545438942167,83.17860432496101,81.5044308978825
60,48,1.8441800257277663,0.08548206076617781,83.17860432496101,81.33442429923325
60,128,11.258452596521053,0.08190388087026335,83.17860432496101,94.43705692148207
60,9999,0.8418560726060633,0.07898173211098103,83.17860432496101,82.33674825235495
61,24,0.5512979954579436,0.06590509752706453,80.90774913073446,81.4590471261924
61,32,0.6383960407732872,0.06551608900185135,80.90774913073446,81.54614517150775
61,48,0.12707280538387522,0.0732623089197274,80.90774913073446,80.78067632535058
61,128,0.26781471604375895,0.05993383639611993,80.90774913073446,81.17556384677822
61,9999,0.31385614227291114,0.08366432513061228,80.90774913073446,81.22160527300737
62,24,1.7831671105417826,0.09221334771341544,84.17395378082418,82.3907866702824
62,32,1.2643864288896367,0.08827019620325299,84.17395378082418,82.90956735193454
62,48,1.3965579179323697,0.09663309307285123,84.17395378082418,82.77739586289181
62,128,1.3161839288650299,0.09893071834383477,84.17395378082418,82.85776985195915
62,9999,2.2575920862419423,0.1494698818821653,84.17395378082418,81.91636169458224
63,24,4.469221636824869,0.06715587038630155,80.61911164189078,76.14989000506591
63,32,5.185241328321126,0.07671361049981107,80.61911164189078,75.43387031356966
63,48,5.53069459851767,0.07194158724283628,80.61911164189078,75.08841704337311
63,128,5.233028707389579,0.07073998847654872,80.61911164189078,75.3860829345012
63,9999,3.3172886854644617,0.001024718387750534,80.61911164189078,77.30182295642632
64,24,2.055179948873203,0.1728597997107525,76.09494528367738,78.15012523255058
64,32,1.464351393852155,0.18741233851660455,76.09494528367738,77.55929667752953
64,48,0.9515693379379968,0.1822567830052989,76.09494528367738,77.04651462161537
64,128,21.90505471632261,0.1722893453430171,76.09494528367738,97.99999999999999
64,9999,1.0569202325651474,0.22939129212663756,76.09494528367738,77.15186551624252
65,24,1.378859854619094,0.024462303930460894,75.2178770810413,73.8390172264222
65,32,0.8582643437077166,0.019868426218776825,75.2178770810413,74.35961273733358
65,48,1.1605597152255598,0.01905920322011545,75.2178770810413,74.05731736581573
65,128,1.0140485719113883,0.021096203183169404,75.2178770810413,74.2038285091299
65,9999,0.07763167594526976,0.0023899358893261224,75.2178770810413,75.14024540509602
66,24,18.685498971414376,0.033378404952444596,77.2046043220375,95.89010329345187
66,32,4.299189608338125,0.0220299676486182,77.2046043220375,81.50379393037562
66,48,3.9412045609643798,0.010914421896697779,77.2046043220375,81.14580888300188
66,128,4.957397953544302,0.01193466978468316,77.2046043220375,82.1620022755818
66,9999,6.226078890745825,0.06861540145625611,77.2046043220375,83.43068321278332
67,24,3.582315869780274,0.010827449625162688,79.83455705459892,83.41687292437919
67,32,3.17475912114044,0.00700545732447122,79.83455705459892,83.00931617573936
67,48,3.4166275464884137,0.010227510414453467,79.83455705459892,83.25118460108733
67,128,3.1644295773879065,0.01582680029464345,79.83455705459892,82.99898663198682
67,9999,3.4902618443902327,0.010435735153830339,79.83455705459892,83.32481889898915
68,24,0.31821557597709216,0.033309659763888,81.02182024729834,80.70360467132124
68,32,0.2679778390636187,0.0342750759929229,81.02182024729834,80.75384240823472
68,48,0.3768983930528549,0.036632998537442396,81.02182024729834,80.64492185424548
68,128,0.23783244260378922,0.03683146791581382,81.02182024729834,80.78398780469455
68,9999,0.24428408723291284,0.017185662842873817,81.02182024729834,81.26610433453125
69,24,0.3280428476842445,0.018669604529661266,79.63650844881428,79.30846560113004
69,32,0.8816813606858176,0.018617432201875617,79.63650844881428,78.75482708812847
69,48,0.7511724567751088,0.016510518824608855,79.63650844881428,78.88533599203917
69,128,0.4307742225953888,0.022067100195359513,79.63650844881428,79.2057342262189
69,9999,1.2583246548432498,0.08457356252347259,79.63650844881428,80.89483310365753
70,24,1.4026860908684569,0.036133066045849094,80.0697068692835,81.47239296015195
70,32,0.11100026955858766,0.05569510849815629,80.0697068692835,79.9587065997249
70,48,0.42534977730799994,0.04701041172131526,80.0697068692835,80.4950566465915
70,128,0.6197281852977881,0.04694985385355832,80.0697068692835,80.68943505458128
70,9999,1.0339283295116957,0.002279439246164361,80.0697068692835,81.10363519879519
71,24,0.5392993519274256,0.09005674970044653,81.6097355414795,82.14903489340692
71,32,0.28165365366967876,0.08185773884629888,81.6097355414795,81.32808188780982
71,48,0.8646150891897122,0.09862513675548923,81.6097355414795,80.74512045228978
71,128,0.8514299196401964,0.09599278782824605,81.6097355414795,80.7583056218393
71,9999,0.752297253384441,0.09060030762188143,81.6097355414795,80.85743828809505
72,24,5.99529848343758,0.0037179759309823313,79.7944195233544,73.79912103991683
72,32,7.795625971052047,0.008984401339957926,79.7944195233544,71.99879355230236
72,48,6.091266554527948,0.003371497007075064,79.7944195233544,73.70315296882646
72,128,4.668891301429127,0.003871393319562655,79.7944195233544,75.12552822192528
72,9999,2.6518986481556936,0.05656845879708072,79.7944195233544,77.14252087519871
73,24,0.800004444282564,0.05682332853816313,77.7933388610877,76.99333441680514
73,32,1.1100600728351822,0.0580309932885224,77.7933388610877,76.68327878825252
73,48,2.1251720476100644,0.06371972154537203,77.7933388610877,75.66816681347764
73,128,2.8482779721815774,0.06310968831583946,77.7933388610877,74.94506088890613
73,9999,0.9470779579302615,0.006517554798917524,77.7933388610877,76.84626090315744
74,24,2.949435438427315,0.041369359032239816,78.86562574801849,75.91619030959117
74,32,2.920630659037485,0.04596574642120377,78.86562574801849,75.944995088981
74,48,3.1613465671344443,0.048188885559591554,78.86562574801849,75.70427918088404
74,128,0.8204701343011322,0.044958352836392046,78.86562574801849,78.04515561371736
74,9999,0.45635967636339103,0.0298020029161421,78.86562574801849,78.4092660716551
75,24,0.11181422039753386,0.08210338283877389,80.30217528754362,80.41398950794115
75,32,0.2194573145554557,0.09114966248193107,80.30217528754362,80.08271797298816
75,48,0.053417113925135595,0.09743873877258674,80.30217528754362,80.35559240146875
75,128,0.2757919745102413,0.09204158186049577,80.30217528754362,80.57796726205386
75,9999,0.555526147287253,0.08669122399099288,80.30217528754362,80.85770143483087
76,24,0.927865518731906,0.12304185278738833,83.04808662928836,83.97595214802027
76,32,0.23989745889133474,0.11614761068503388,83.04808662928836,83.2879840881797
76,48,0.6956999463647549,0.11270783754189928,83.04808662928836,82.35238668292361
76,128,0.56738030359368,0.11962704879770358,83.04808662928836,82.48070632569468
76,9999,0.4927488531357085,0.19023994941776357,83.04808662928836,83.54083548242407
77,24,2.6364459261753836,0.046520697833095925,81.91338327794989,79.2769373517745
77,32,2.633789524135665,0.045603683047704846,81.91338327794989,79.27959375381423
77,48,0.8308336795916205,0.04756975310075734,81.91338327794989,81.08254959835827
77,128,0.686563067789578,0.04554368390209085,81.91338327794989,81.22682021016031
77,9999,0.072994839462865,0.026165618849513572,81.91338327794989,81.84038843848703
78,24,7.152153682269102,0.02402781248893293,82.71827854085447,75.56612485858537
78,32,6.0251835626634715,0.03914985722141717,82.71827854085447,76.693094978191
78,48,1.9821444738568488,0.02236372273095044,82.71827854085447,80.73613406699762
78,128,2.0463795492552777,0.02148754381690421,82.71827854085447,80.67189899159919
78,9999,0.4537710196222662,0.0052072788049156715,82.71827854085447,82.2645075212322
79,24,0.007667523661510245,0.0007477549194472299,74.59002049987222,74.58235297621071
79,32,4.6676394116696684,0.0023778369289645385,74.59002049987222,69.92238108820256
79,48,5.30094953913779,0.006631579242971752,74.59002049987222,69.28907096073443
79,128,4.813192431664632,0.00401209719319473,74.59002049987222,69.77682806820759
79,9999,1.0492924603622953,0.05288160236635131,74.59002049987222,73.54072803950993
80,24,3.02515527612708,0.08046346250544723,76.05036379665582,73.02520852052874
80,32,4.833541472977927,0.07696843220158833,76.05036379665582,71.21682232367789
80,48,2.923645021304779,0.0768400222498622,76.05036379665582,73.12671877535104
80,128,3.3736820181776324,0.07538460289167825,76.05036379665582,72.67668177847818
80,9999,0.9810451416156099,0.07062336634158084,76.05036379665582,75.0693186550402
81,24,1.0001898776642975,0.04206669614821057,82.31077031357698,81.31058043591268
81,32,0.354842236376399,0.00735545658624237,82.31077031357698,81.95592807720058
81,48,0.9013528686508323,0.023543970492349686,82.31077031357698,81.40941744492615
81,128,1.4645467903536087,0.03280885061773153,82.31077031357698,80.84622352322337
81,9999,1.1348288346841855,0.032403864174635366,82.31077031357698,81.1759414788928
82,24,0.08825538408397904,0.03605758794483882,82.38053338146099,82.29227799737701
82,32,0.17650269482908243,0.03655316918709384,82.38053338146099,82.55703607629007
82,48,0.35560904112837477,0.034155882889605804,82.38053338146099,82.73614242258937
82,128,0.7744680694111707,0.032364689710020045,82.38053338146099,83.15500145087216
82,9999,0.6993225956300506,0.03324303097592474,82.38053338146099,83.07985597709104
83,24,1.1672507908928083,0.05025140439512732,82.19409379595217,83.36134458684498
83,32,0.18333802065185978,0.050235752896363506,82.19409379595217,82.37743181660403
83,48,1.142050650177282,0.054518795955982746,82.19409379595217,83.33614444612945
83,128,0.6168770552338998,0.056831050500891545,82.19409379595217,82.81097085118607
83,9999,0.22135025653304297,0.0773229147828508,82.19409379595217,82.41544405248521
84,24,1.691397327414336,0.08578356747727767,82.50295131965484,80.8115539922405
84,32,1.1068900810048206,0.08946709014873755,82.50295131965484,81.39606123865002
84,48,1.3413242136055743,0.08564810271496937,82.50295131965484,81.16162710604927
84,128,1.52039943340732,0.09285284370792557,82.50295131965484,80.98255188624752
84,9999,1.457132790383227,0.10455866505193234,82.50295131965484,81.04581852927161
85,24,0.3599806964617045,0.013072685515380322,79.16325609388626,78.80327539742456
85,32,0.26744079248138064,0.010772031304504104,79.16325609388626,78.89581530140488
85,48,0.9447692333286994,0.0014306733072392275,79.16325609388626,78.21848686055756
85,128,0.8708053363791493,0.0072305110769900205,79.16325609388626,80.03406143026541
85,9999,2.720305540636076,0.10165869944762523,79.16325609388626,81.88356163452234
86,24,17.977556569028195,0.08096312214829698,80.0224434309038,97.999999999932
86,32,17.455435856372617,0.08339987149592593,80.0224434309038,97.47787928727642
86,48,17.038885187303777,0.08638881453152086,80.0224434309038,97.06132861820758
86,128,17.166679647581148,0.08572115137258701,80.0224434309038,97.18912307848495
86,9999,14.60536295490634,0.030524323237685114,80.0224434309038,94.62780638581015
87,24,2.106296415278223,0.009371152021263596,78.05654814200273,80.16284455728095
87,32,2.1064838151666834,0.02275050863926298,78.05654814200273,80.16303195716941
87,48,5.073520801100784,0.025272242813812573,78.05654814200273,72.98302734090194
87,128,5.4479695614250545,0.021149609183959084,78.05654814200273,72.60857858057767
87,9999,2.4275060167240667,0.04331828633553175,78.05654814200273,80.48405415872679
88,24,0.06289300312448631,0.033249113700618615,83.09043253509209,83.0275395319676
88,32,0.3698994980194499,0.03527456888858077,83.09043253509209,83.46033203311154
88,48,0.3943795084989574,0.04430479011243965,83.09043253509209,82.69605302659313
88,128,0.011309771450655148,0.040067660413139194,83.09043253509209,83.10174230654275
88,9999,1.2430658876439225,0.026703632164702562,83.09043253509209,84.33349842273601
89,24,5.735590768926485,0.13719501001555268,80.84893009402153,75.11333932509504
89,32,5.217048041792992,0.12484121575719298,80.84893009402153,75.63188205222853
89,48,5.3895694395323375,0.11906931841418256,80.84893009402153,75.45936065448919
89,128,4.68722673564065,0.11034031756816853,80.84893009402153,76.16170335838088
89,9999,4.368729005031923,0.13323801797114532,80.84893009402153,76.4802010889896
