cell_id,source,T,C,n_max,n_points,s0,soh_min,b,soh_k,g,tau_frac,knee_individuel,rmse
102Ah_25degC_0p5C_cell3,target,25.0,0.5,1375.0,988,102.3585294117647,93.10166666666667,0.03866454503610466,79.55985502068242,0.00896199192510162,4.999999999999999,False,1.2724894505478572
102Ah_25degC_1C_cell3,target,25.0,1.0,5307.0,4155,102.89931372549019,66.24843137254902,0.02810461441491388,79.55985502068242,0.00896199192510162,4.999999999999999,False,1.2724894505478572
102Ah_35degC_1C_cell1,target,35.0,1.0,5356.0,5354,102.54117647058823,54.44529411764706,0.02685347750411513,79.55985502068242,0.00896199192510162,4.999999999999999,False,1.2724894505478572
102Ah_45degC_0p5C_cell3,target,45.0,0.5,4501.0,4296,102.60833333333332,42.75156862745098,0.0386267274653718,79.55985502068242,0.00896199192510162,4.999999999999999,False,1.2724894505478572
102Ah_45degC_1C_cell1,target,45.0,1.0,2396.0,2323,102.36911764705883,84.77794117647059,0.03708234404780809,79.55985502068242,0.00896199192510162,4.999999999999999,False,1.2724894505478572
102Ah_55degC_1C_cell3,target,55.0,1.0,2415.0,2176,102.05705882352942,65.7028431372549,0.05619809360623472,79.55985502068242,0.00896199192510162,4.999999999999999,False,1.2724894505478572
SNL_18650_LFP_15C_0-100_0.5-2C_b,snl,15.0,2.0,3754.0,3754,93.45454545454544,83.0,0.01246847906694977,81.64346561076795,0.002761374243698595,0.8303718101707377,False,0.7179168850101931
SNL_18650_LFP_25C_0-100_0.5-0.5C_a,snl,25.0,0.5,3050.0,3050,97.27272727272727,87.45454545454544,0.016394643555178664,81.64346561076795,0.002761374243698595,0.8303718101707377,False,0.7179168850101931
SNL_18650_LFP_25C_0-100_0.5-1C_a,snl,25.0,1.0,3545.0,3545,93.81818181818181,85.09090909090908,0.011362506317895194,81.64346561076795,0.002761374243698595,0.8303718101707377,False,0.7179168850101931
SNL_18650_LFP_25C_0-100_0.5-1C_b,snl,25.0,1.0,3636.0,3546,94.27272727272725,85.45454545454544,0.011872538460599632,81.64346561076795,0.002761374243698595,0.8303718101707377,False,0.7179168850101931
SNL_18650_LFP_25C_0-100_0.5-1C_c,snl,25.0,1.0,3038.0,3038,95.45454545454545,88.0909090909091,0.01130055809993652,81.64346561076795,0.002761374243698595,0.8303718101707377,False,0.7179168850101931
SNL_18650_LFP_25C_0-100_0.5-1C_d,snl,25.0,1.0,3038.0,3038,95.36363636363635,87.99999999999999,0.011213840956697755,81.64346561076795,0.002761374243698595,0.8303718101707377,False,0.7179168850101931
SNL_18650_LFP_25C_0-100_0.5-2C_a,snl,25.0,2.0,3544.0,3544,93.90909090909089,85.36363636363635,0.012481663400041046,81.64346561076795,0.002761374243698595,0.8303718101707377,False,0.7179168850101931
SNL_18650_LFP_25C_0-100_0.5-2C_b,snl,25.0,2.0,4050.0,4050,93.54545454545453,84.63636363636363,0.011010822343156392,81.64346561076795,0.002761374243698595,0.8303718101707377,False,0.7179168850101931
SNL_18650_LFP_25C_0-100_0.5-3C_a,snl,25.0,3.0,4569.0,4569,94.0,71.63636363636363,0.020078350316396577,81.64346561076795,0.002761374243698595,0.8303718101707377,False,0.7179168850101931
SNL_18650_LFP_25C_0-100_0.5-3C_b,snl,25.0,3.0,4062.0,4062,94.63636363636361,72.45454545454545,0.02266294953610416,81.64346561076795,0.002761374243698595,0.8303718101707377,False,0.7179168850101931
SNL_18650_LFP_25C_0-100_0.5-3C_c,snl,25.0,3.0,3555.0,3555,93.86363636363635,69.72727272727272,0.02633627574238337,81.64346561076795,0.002761374243698595,0.8303718101707377,False,0.7179168850101931
SNL_18650_LFP_25C_0-100_0.5-3C_d,snl,25.0,3.0,4062.0,4062,95.72727272727272,73.18181818181819,0.023396803764386062,81.64346561076795,0.002761374243698595,0.8303718101707377,False,0.7179168850101931
SNL_18650_LFP_35C_0-100_0.5-1C_a,snl,35.0,1.0,3156.0,3156,97.36363636363635,82.9090909090909,0.02340742400403319,81.64346561076795,0.002761374243698595,0.8303718101707377,False,0.7179168850101931
SNL_18650_LFP_35C_0-100_0.5-1C_b,snl,35.0,1.0,3342.0,3342,94.4090909090909,79.27272727272727,0.022056015707146742,81.64346561076795,0.002761374243698595,0.8303718101707377,False,0.7179168850101931
SNL_18650_LFP_35C_0-100_0.5-1C_c,snl,35.0,1.0,3342.0,3342,95.59090909090908,81.27272727272727,0.02251717302387708,81.64346561076795,0.002761374243698595,0.8303718101707377,False,0.7179168850101931
SNL_18650_LFP_35C_0-100_0.5-1C_d,snl,35.0,1.0,3798.0,3798,95.81818181818181,80.45454545454544,0.020533240918580862,81.64346561076795,0.002761374243698595,0.8303718101707377,False,0.7179168850101931
SNL_18650_LFP_35C_0-100_0.5-2C_a,snl,35.0,2.0,3856.0,3856,96.18181818181817,79.72727272727272,0.021024676383335276,81.64346561076795,0.002761374243698595,0.8303718101707377,False,0.7179168850101931
SNL_18650_LFP_35C_0-100_0.5-2C_b,snl,35.0,2.0,3598.0,3598,93.95454545454544,74.9090909090909,0.02290245523799525,81.64346561076795,0.002761374243698595,0.8303718101707377,False,0.7179168850101931
WHEELER_Cell1a,wheeler,50.0,,3200.0,32,91.84145454545454,58.712999999999994,0.0540118357761154,60.00000000000001,1.0000000450002844e-06,4.999999999954994,True,0.9385815492825371
WHEELER_Cell1b,wheeler,50.0,,3300.0,34,90.59981818181816,50.61163636363636,0.06469291916567659,60.00000000018655,1.0000000014125508e-06,4.999999999999596,True,1.036265472371084
WHEELER_Cell1c,wheeler,50.0,,3200.0,33,93.21036363636364,58.148909090909086,0.05747771688332258,60.00000000012779,1.0000000176624839e-06,4.999999999994748,True,1.145629377029247
WHEELER_Cell2a,wheeler,50.0,,3300.0,33,88.34772727272727,48.599727272727264,0.061953226484008465,72.7857339188708,1.0000000000000002e-06,4.99960099260077,True,0.6928694356234906
WHEELER_Cell2b,wheeler,50.0,,3300.0,34,90.20227272727273,49.21963636363636,0.06571773967076887,73.69496204948912,1.0000000000000002e-06,4.999454273079733,True,0.8222547350152892
WHEELER_Cell2c,wheeler,50.0,,3300.0,33,90.14763636363635,51.00181818181817,0.061242899044115715,60.00000000000001,1.0000000000000002e-06,4.999999999999999,True,0.6313201282709393
WHEELER_Cell3a,wheeler,50.0,,3900.0,40,91.18681818181817,48.42945454545454,0.06133984321859725,60.00000000004256,1.0000000005420026e-06,4.999999999999836,True,1.4013469319285037
WHEELER_Cell3b,wheeler,50.0,,3900.0,41,89.93145454545454,50.38918181818182,0.05718991275788186,60.00000000003863,1.0000000017515953e-06,4.9999999999982485,True,1.4684229032681573
WHEELER_Cell4a,wheeler,50.0,,4300.0,44,92.24690909090909,49.196363636363635,0.05429395639820448,60.000000000000874,1.0000000000102635e-06,4.9999999999999964,True,0.6837594324424953
WHEELER_Cell4b,wheeler,50.0,,4500.0,46,90.03618181818182,39.85881818181818,0.06411788118058917,60.00000000000001,1.0000000000000002e-06,4.9999999999889715,True,1.433644095607034
WHEELER_Cell4c,wheeler,50.0,,4400.0,45,92.78181818181817,44.54109090909091,0.057255507783285045,73.9595915222535,0.0007260480317457706,4.959532873812674,True,0.8068377944266615
WHEELER_Cell5a,wheeler,50.0,,4200.0,43,91.18881818181818,44.18090909090909,0.06222904924518398,67.31591205131215,1.0000000000000002e-06,4.999996005605527,True,0.9909012048071616
WHEELER_Cell5b,wheeler,50.0,,4100.0,42,90.67981818181818,49.80972727272727,0.05505451250806887,60.00000000001432,1.0000000000375093e-06,4.999999999999978,True,0.89679897011806
WHEELER_Cell5c,wheeler,50.0,,4100.0,42,89.24481818181818,48.21518181818182,0.05490876790788216,60.00000000000221,1.0000000000134148e-06,4.999999999999991,True,0.7807717961379295
WHEELER_Cell6a,wheeler,50.0,,6300.0,64,91.17763636363635,32.36127272727273,0.05332144650217092,69.52367813240286,0.0006385548849227349,4.999999998766693,True,1.6656984916735555
WHEELER_Cell6b,wheeler,50.0,,6800.0,67,92.10336363636362,44.28463636363636,0.0441362763537258,60.00000000000001,1.0000000000000002e-06,4.999999999999999,True,1.3249485937119319
WHEELER_Cell6c,wheeler,50.0,,6800.0,67,91.10763636363636,37.78872727272727,0.041344852164133736,72.30584263548872,0.0014694124289203292,4.999682962871224,True,1.3704897319545821
WHEELER_Cell7a,wheeler,50.0,,3100.0,33,89.37236363636363,28.017545454545452,0.10042393824536203,70.212534500795,0.0011631527236306144,4.999999697687456,True,3.127069314243627
WHEELER_Cell7b,wheeler,50.0,,3300.0,35,91.18881818181818,38.19490909090909,0.0699622168284769,73.61510136857702,0.0034851941854911845,4.999966504495792,True,1.2181578892680212
WHEELER_Cell7c,wheeler,50.0,,3300.0,35,91.34190909090908,37.52872727272727,0.08272917015492894,73.20845499859908,0.0009935114044248505,4.999999982015765,True,2.1778272792525555
