lab,structure,p_vrai,T,C,n70_vrai,n70_predit,ape_n70,rmse_zone_notee
10048746,arrhenius,0.43475235242263643,52.651298763002515,0.9181746509468801,6079.5332790771945,3690.372198696111,39.29842918375688,13.445402812866815
10017851,charniere,0.4016947748087095,43.6964156050954,0.9464343771187954,9127.352664344315,6770.487605728396,25.822000587562805,5.615935091717305
10033373,charniere,0.6454819208156092,45.27073845215157,0.5394729834872861,2278.1191697205313,3151.2957385628506,38.32883636853099,1.6044362817381277
10015412,arrhenius,0.40138687586343536,52.32420107519755,0.9890159261554698,6014.855550536006,6960.986634753839,15.729905336355406,0.9213797006678446
10042596,arrhenius,0.51070480689102,53.2445348795584,0.9239004655972152,1701.7436067430876,1888.6295407253406,10.982026507502379,1.424918708524106
10033549,arrhenius,0.5098314892412781,25.98887134350567,0.9674112110803911,9455.94387780691,10105.677794946827,6.871169346349876,0.5072834940622291
10002725,charniere,0.4048053310915777,52.223428276147274,0.9092649744664798,4498.60160912928,8048.5868162988245,78.91308267807817,1.7625318753935184
10032168,charniere,0.7828626566847658,27.398375655633124,0.9874092691597653,1316.2858840882882,2778.169634704099,111.06126475164393,4.6146044252659415
10044687,arrhenius,0.6693209016297206,37.28991941988167,0.8724083270012025,1973.786164046025,3573.7302230117466,81.05964506742858,1.3065144732855705
10048908,arrhenius,0.5214350621910471,55.44590671143205,0.9277416889915617,2077.268522005413,2456.823349951633,18.27182301784434,1.293125355186623
10027573,arrhenius,0.49542253738317377,36.468853868460165,0.5244740500977747,9137.530041138985,7625.097408170272,16.551875902562728,1.8489909804630924
10008611,charniere,0.44579084574981426,33.04160432701151,0.8881837162929589,,10543.54710707106,,2.863406844519221
10042247,arrhenius,0.47116832605397796,38.02116348833777,0.5240616359339597,3507.820501942548,4775.358981470684,36.13464482650132,1.2458476372479872
10036916,arrhenius,0.4875312338050997,27.641174299711306,0.5355980879871511,8360.430755174737,7635.6364168475475,8.669342041719249,2.101462910576088
10040663,arrhenius,0.5332963872477753,27.34505892634272,0.5924210661589175,9848.49740087803,,,0.7770395507137529
10006413,arrhenius,0.4200667064520086,53.47833070313607,0.6351224894502221,8393.713028328182,5225.885536538834,37.740478869103065,6.213649247596017
10001997,charniere,0.4963210075123208,38.83115124421173,0.9842593923745625,10445.25165669883,8100.568928709411,22.447355076272473,4.5545188018710805
10037931,charniere,0.4920715498905792,53.340584061206734,0.954596451983191,1764.5671126836494,2902.1158327340745,64.46616350683195,2.5135297001704955
10034793,arrhenius,0.5615431891331458,31.88946706712837,0.5631691282697134,10683.884868480705,,,0.9306880988528705
10018214,arrhenius,0.5492019055435361,26.210329233734544,0.5381318910345092,9302.002836310601,9058.637526117664,2.6162678562401105,1.2022320285645458
10006396,arrhenius,0.4277470052248681,24.430157970806242,0.5577840857769941,,,,0.657188302893338
10000199,arrhenius,0.48267619948459517,27.545737352050836,0.9312560503138806,7484.302961093387,7333.813284315839,2.010737373404816,0.7628473593934171
10028314,arrhenius,0.5148507354776026,25.522561262317463,0.6222462375460603,,,,3.213688865957872
10001769,arrhenius,0.5562916834639022,47.76801690250318,0.853834489847449,2623.82899593868,4117.382950911749,56.92268655026228,2.0376958578271744
10043200,arrhenius,0.6390315339943596,53.78114075477453,0.9849097177274708,2424.026615299812,2552.336990073949,5.293274172992822,1.0136671535565163
10029928,arrhenius,0.43440133802158404,47.60461273861351,0.5277974772614223,7313.829277185538,7163.958244427598,2.0491458998836745,0.7035670196198809
10048455,arrhenius,0.6004236483953754,33.19786249264345,0.5003607317107096,11369.077889211183,9445.34327640628,16.920762013869684,3.8712621082782928
10024905,charniere,0.5050191340730851,54.31386777265655,0.5980290418118756,2950.8656211603484,4096.208581502312,38.81379592919546,0.9063239669469298
10004635,arrhenius,0.6420796647842626,26.427942327182027,0.6480648332774162,6080.309631451845,6624.76921004311,8.95447126203769,0.6719836229243318
10041025,charniere,0.6993179772109716,25.348911639591517,0.9474306015836187,3454.381030991199,4046.019517882094,17.127192442957874,1.4290863832214589
10044163,charniere,0.5586612588711924,54.14316070725928,0.9296011037173102,2079.974479649659,4905.097542485311,135.82489066459618,4.901237312634992
10048990,charniere,0.5218160005254566,26.83111757438259,0.5612485125077024,10079.45420291367,11085.76944263679,9.98382669799943,1.2966602804878073
10016901,arrhenius,0.6561055367248451,53.31234157823325,0.862272448680011,866.2223795548933,1333.3677495769255,53.92903497391441,2.938137872369294
10047196,charniere,0.43008462816646786,54.37669401360837,0.5518097434883393,4823.5811651260565,5467.096164614394,13.341021482977794,0.35619482372264205
10041850,arrhenius,0.7118756972121969,32.07837304759746,0.5212205252267365,4745.450241025644,6191.517083064947,30.47270055721334,0.8530753375007347
10043896,charniere,0.5477317235056571,54.36278976599691,0.8700812518631333,1742.626434136221,2665.8606373046673,52.97946737655634,1.7944965504155705
10037546,arrhenius,0.647966343730615,42.68960931532198,0.8654925602515156,5396.409233886512,7623.447987134674,41.26890042481528,1.5080119172998125
10027758,quadratique,0.6177694387872447,25.95192101466296,0.5109456445678296,5753.612061069741,6978.82361255108,21.294650012492188,1.2647634925975801
10046900,charniere,0.48217825481430354,34.90930264252486,0.538279501573142,11141.111177354765,8937.84858365852,19.77596811146234,3.626458585165873
10048841,arrhenius,0.7594649306265407,26.1847367611731,0.5958288395614304,7334.392249784357,7362.262782868742,0.3799978530628005,0.6759949338743585
10009759,charniere,0.5653748357616023,34.37090685005505,0.5725440372503681,5672.393620052954,6676.245254687294,17.69714342611097,1.0366940365596984
10024841,charniere,0.4728502495855828,27.914056306756056,0.8518166644818492,6186.449804367897,5565.05330864643,10.044476482824354,1.4817276681213725
10046971,charniere,0.7531231746246629,26.411694090836086,0.912576473816665,3717.3804436488167,4488.65548154554,20.747810174082527,1.0464144797422736
10003504,charniere,0.42225305384427736,26.513827273344187,0.9153167593737865,1794.354436927596,3520.9984481616975,96.22647430741542,1.6787130583617293
10007174,arrhenius,0.46819358328038824,25.448264532810494,0.9877909404801218,,,,0.8194676236894893
10034451,quadratique,0.4943906650266301,25.525301698418044,0.6053106157538374,,11475.222191009718,,1.128945904828152
10032993,arrhenius,0.5573151213266181,54.59445380644395,0.6240216477020233,1472.7273730193504,1842.0049366202256,25.074400759170466,1.2260579662975897
10017593,arrhenius,0.6785197229134192,26.99539707530197,0.9699494599149686,7991.9796373333165,6431.62728081483,19.5239781296431,4.559920975735816
10008698,charniere,0.46539074558639915,25.608347082125626,0.9419903573010748,,,,0.42801614132391386
10017230,charniere,0.680998497793193,26.10550046477432,0.9983349642002303,3862.358288775406,5614.514145186216,45.36492281161069,2.1430962016482233
10042565,charniere,0.65106397209902,54.58305833398452,0.5118812925762825,1546.0594508254792,2132.569535335758,37.93580409842108,1.2682589376175581
10038788,arrhenius,0.5611737077361095,35.255559176270246,0.6494626022465291,11253.456839223143,,,1.0342277737465764
10001648,charniere,0.5336023043126369,54.307531545697415,0.9142167573218091,1615.3807014339295,2750.510979146982,70.27013983177021,1.6953259342157148
10030470,charniere,0.4770314027292085,26.082960351607973,0.5898483576723421,8072.425397851636,8966.316731160212,11.073392310896702,0.39253376357495484
10027255,arrhenius,0.45489793940435896,47.080686748523135,0.5558641764079431,11132.445057821287,10638.57749779449,4.436290118313433,2.305629238463211
10022027,arrhenius,0.4261605415463081,53.943020145943144,0.9353658950720468,1696.8179387805603,1864.1532237717943,9.861711216436783,1.0345646119494576
10048830,charniere,0.6036900665450822,53.670323082414974,0.8934295230622704,3166.4027746328106,4901.073259131135,54.78363328870833,2.6638930707747184
10044916,charniere,0.7135668961031899,53.84898619206234,0.8817498653094715,2087.2958613737183,2368.698639326594,13.481690984031133,0.6532677466624018
10021308,charniere,0.4501541305063874,44.5601896540028,0.6078666201554013,7243.360279155753,8215.1015295839,13.4156139274824,3.3103633019008076
10025108,quadratique,0.6269987499329436,26.654518571382077,0.9800388698993676,7415.195303449099,7782.16807628973,4.948929297518813,0.3322387428625941
10039657,charniere,0.4196059819418687,45.168377004368494,0.9262022378590722,4395.323915173761,4729.1892142295255,7.595920243856842,2.6995334409803227
10003088,arrhenius,0.5182590096864418,25.55816204073678,0.9559045652928119,7752.852945397739,10442.034142552133,34.686343415693834,1.5311082722480385
10023265,quadratique,0.716206807738962,54.11490621604414,0.8928549844835549,1903.292939006353,2159.407872603816,13.456411693050901,1.559862576520727
10004058,charniere,0.6337553052516728,26.499903793923533,0.9970697831344578,5663.7099492700545,9289.842005561826,64.02397172120567,2.019608515319905
10003523,arrhenius,0.41311958937795445,52.63245435572252,0.9508815402631903,4105.834215466238,3676.708855832305,10.451599775204357,1.3520900912089249
10024789,charniere,0.4551221812180423,54.064675039970346,0.9170522523607934,2246.2047252384864,2860.6535991397013,27.354980915017755,0.9025112142509203
10047228,arrhenius,0.5036646577349508,32.52494566155327,0.6155175824961713,4244.458288721818,6679.297188042096,57.36512727171858,1.2761663018756935
10027212,quadratique,0.4341010623518464,44.32639283844866,0.601637307387036,6999.107879889064,8102.200441545158,15.76047377160271,0.5898273719727681
10016913,charniere,0.6803202939421213,27.431633006218558,0.9139477926772259,2067.826250880813,3752.544374154926,81.47290530606665,3.1013451553820204
10009547,arrhenius,0.546720332881624,48.42584494113308,0.9169323586439977,4974.784260651684,6787.239078802376,36.43283252474681,1.1000444176281814
10027257,arrhenius,0.6224344872889994,34.10875222126471,0.8661873580411136,2946.337880273077,3473.7280836492973,17.899854830205005,0.6316620743805167
10014307,charniere,0.5436830915918814,26.3435725009027,0.5317037928541241,3032.4774910231945,3759.6476252631724,23.979407477633803,2.636200260927861
10034156,charniere,0.5759636149685089,26.288027486689412,0.9114750769285102,3229.892204583368,3798.321150995786,17.599006728639143,1.1285228377309566
10018365,charniere,0.5985437459029667,52.85770830768532,0.5948934712114021,1593.9765308117644,1789.552001264194,12.26965809545695,0.4969973724478396
10020819,arrhenius,0.4474240862636686,29.70090848594399,0.5854405707241889,6016.033873213,8887.415672029061,47.72881701350085,2.2455157562908346
10000725,quadratique,0.8527266481954604,30.554575490695356,0.5257145952955441,3905.1855061218716,5830.998771980472,49.31425825584073,1.4761523934510956
10010820,arrhenius,0.7112024340408547,25.42187081115901,0.5827482699463482,7011.170551560434,7709.6136206506635,9.961861060914867,0.4240106531529099
10007360,arrhenius,0.6273061221897384,54.815270737636745,0.9152981202342174,2900.1881352741557,2059.4283026709827,28.989837672158313,9.964451141196525
10027338,arrhenius,0.5070337138696912,25.13469212344014,0.9084490931592833,8312.202906855415,,,1.057257500179478
10031968,arrhenius,0.6489571800496075,53.31398882146197,0.9567386636066647,3216.5676508127103,4497.683595587968,39.82866470884161,1.6491285423715831
10042706,arrhenius,0.40966369121760904,31.5076459964039,0.5087102707947665,10649.992488253918,11432.027832685073,7.34306005655569,0.7878897637157596
10003367,charniere,0.7473340726285338,52.96583943660275,0.6466693012933862,2574.1215645201564,2970.3934452220788,15.394450913424192,0.8236975562448265
10004450,arrhenius,0.6801378956000826,49.47598890742751,0.9622330528794671,3151.2260014577378,3539.9705486377134,12.336295365681318,1.1229247131523237
10015730,arrhenius,0.43191317369796617,38.03794306130144,0.8691923573764966,3410.2207707244934,4406.042406257027,29.20108997286337,1.3450468591504257
10005361,charniere,0.6389846982411447,32.930125955674775,0.9492058788158951,3599.299076292265,4020.165190360272,11.693002030316205,1.6192600763741412
10008437,charniere,0.7049663167146819,45.06000952484779,0.8754748409516162,3582.6935924664854,3983.475095863096,11.18659726411867,0.9284931843596863
10039279,arrhenius,0.5866498803593319,54.15935413243569,0.5855816369416441,2556.628313627247,2918.278419262919,14.14558790998356,1.4007380155198421
10012208,charniere,0.6303376226745201,42.44928034998793,0.8971192291001023,2968.794559264746,3366.763518779034,13.40506901268537,1.4243090877814009
10010075,arrhenius,0.547515875228102,53.02310772822618,0.9958535686492915,1368.0749243466942,1548.9133192911474,13.218456951896126,1.1887803906557768
10039009,quadratique,0.4844334608673967,36.87789371790811,0.604924980838885,3151.2068751504794,4635.753257591981,47.110406941169494,1.67201124490774
10041781,arrhenius,0.40736682414208547,42.0427196935655,0.9347649185035948,7542.576347363765,,,1.785257122722513
10025509,quadratique,0.5140402831223879,54.53017986595515,0.9790464242795812,3704.983885024788,3945.5453673637635,6.4929157535962165,0.5925355638637222
10026343,charniere,0.6589690400810757,55.00501555231652,0.5437954424507269,1990.3415139957388,2674.5011084222488,34.373980023810866,1.2348312779201098
10031275,arrhenius,0.6458462206636533,52.816985397493646,0.8902447974186939,5148.080869880649,6150.262560097032,19.467092991482435,0.9641545489816908
10046325,quadratique,0.9236247194362734,53.833993905201616,0.9216540911835048,1550.2625457655527,1742.1848796415202,12.379989079926599,1.6722879375641047
10033972,charniere,0.5108987241090673,53.636081898968776,0.9306366534740893,4363.122999908852,6557.2761942112675,50.288593613983664,1.2634591247083455
10024158,charniere,0.41141524957562575,34.93641717095109,0.934953882756299,,,,0.4851583635766845
10012573,charniere,0.8875051420589002,40.97061637310412,0.9718433249479858,2302.76186645676,2918.2402349784056,26.727833975671878,1.9942141084500402
10046863,arrhenius,0.6040725920378416,42.8567205401722,0.5332819567238335,4585.2323381417245,4670.795975848287,1.8660698389220292,0.2405109188941343
10010005,arrhenius,0.7597619575659593,41.38712375897915,0.646724346740255,5802.070259466031,7737.539844947594,33.358258327255875,1.0550176624334342
10023257,arrhenius,0.5998654128248476,48.53160750293084,0.6317088026532903,5556.527314370093,5782.270151543933,4.062660442431941,1.1410165237294296
10007047,arrhenius,0.4286794119966576,41.632137958449356,0.9450450956100467,7164.617369156816,5482.812101153372,23.4737625381573,5.589666596133294
10046189,charniere,0.6490632209832319,26.364658860417787,0.6482501637063668,3721.078963853297,4677.31834302738,25.697906130534427,1.430786614495624
10037268,arrhenius,0.6720386826138348,25.799722068908455,0.5389463126851003,9340.76419920135,,,1.5912737897576972
10001004,arrhenius,0.635026473699637,52.71187181994382,0.54917263648052,730.2968011359374,1919.6769286548335,162.8625684336669,4.404357443546565
10014619,charniere,0.6149276874801273,53.46736100811712,0.8899589742718951,2281.0569071029654,2784.9154652858033,22.088820169890397,1.6046544632896942
10001931,charniere,0.6330695852338899,27.067369064204872,0.9540410692631197,,,,0.9811406151757524
10011718,charniere,0.5956081671917792,54.89702455868387,0.6490986152740972,2116.8054857852126,2061.0166392530978,2.635520689394867,1.3398206711851848
10031625,arrhenius,0.583616879384839,25.590126743395025,0.5227744705989174,6783.992080878505,9466.362548220719,39.53970516715073,1.1786259722621837
10007358,charniere,0.5947163984466209,53.294528074396446,0.6191539910899921,2190.8206126247787,2807.934155637567,28.168145737566203,1.111673528114176
10049628,charniere,0.7674911635346617,31.78616839829521,0.5221690918248383,3332.3639354651887,3703.929377055335,11.15020594346568,1.3989679084958784
10001344,arrhenius,0.5876177254618271,32.575932971173415,0.5708337952855778,4065.654135182212,4765.724446079781,17.219130984101618,1.2886940689841755
10031805,quadratique,0.4187825506211145,52.53329327041897,0.5655980051221126,1610.6234803109398,3102.663011102085,92.63738850392885,4.357713150673717
10027005,arrhenius,0.5170687317289983,32.24760178896989,0.9473470480044214,,,,0.3264871891701734
10013805,charniere,0.5562762322961223,35.07426607926991,0.592361031765247,8011.879823411926,7691.490806525204,3.9989243966253305,1.3864142204777985
10006868,charniere,0.5747769724477554,26.975377120029474,0.5467940717213403,11605.013568865563,9459.281432425361,18.489699505366072,3.8433079209378174
10007478,arrhenius,0.4141497643658682,31.117788416242558,0.5269342946455253,4516.408723693452,7552.385071770335,67.22102745373556,2.2904955190757015
10031847,arrhenius,0.46397746589019206,54.62662505529804,0.5244210287850091,,10314.390174679866,,3.9616923810152485
10010744,charniere,0.5640044207313544,25.984826767332315,0.9325054128012839,6875.733219298302,6236.117155713161,9.302514265531912,1.1997463991886046
10012238,charniere,0.4772032902205896,44.644110099707675,0.6469622777811909,11666.51089009443,11758.65172946164,0.7897891686317552,1.8754195696439862
10042205,arrhenius,0.5099466456147093,38.83425764673657,0.911171055401663,7965.844353002432,9085.400303703338,14.05445425605046,1.3028531792498288
10025453,quadratique,0.7818306402824426,39.3926276114689,0.9656000780397413,2918.0058476085774,4041.013775681629,38.48545845079103,1.5188196539337264
10037042,quadratique,0.7483656023677361,27.814638604779777,0.5782406260525811,6532.455059666644,7792.54536809207,19.289689663624404,0.8389734956288972
10009488,arrhenius,0.53799272343188,30.597160545079927,0.9226419285551051,9774.076194770907,8978.321103204607,8.141486476154396,1.5754023876008312
10049908,charniere,0.5285131472414613,26.139949686523426,0.9287451084334315,5167.843493850856,10853.944560234648,110.02850750317037,2.1224371858239097
10033034,quadratique,0.5212025341166886,52.258367724032766,0.5132282950568733,952.3144224372824,1868.8685881588071,96.24491072767381,2.91280810998337
10017979,charniere,0.6907349837341008,34.84225060868409,0.8819921193895802,3793.6203380845195,3789.611096280477,0.10568379138506472,2.3153910270281464
10024611,charniere,0.5316172438463778,36.18525036735034,0.5132813292830113,5554.700617401899,4542.48539934062,18.22267819241576,5.134661604605344
10045161,arrhenius,0.6706835444281879,41.098966346286275,0.9993923804635012,4219.11972375737,5749.688103861601,36.27696013189149,2.3057924896135957
10003932,quadratique,0.7295243453247529,26.628604665977264,0.5122379548116861,7499.343086114846,6978.562888554367,6.94434421229123,2.202503041112697
10046512,charniere,0.6725985680536121,36.20623859818203,0.5992234638358019,5861.72896662361,5539.747046580921,5.49295134381064,2.0135144673131355
10015691,arrhenius,0.5937382980825172,53.960616339501065,0.6466688203997142,1795.9563146135981,2039.7714542671988,13.575783423554919,1.27405196403514
10026060,arrhenius,0.44692434743749754,52.955293869858735,0.5496923610757153,1728.9161611771856,2496.583270065909,44.40163879120857,1.3367520382895628
10030541,charniere,0.4450002829820404,27.505101420121797,0.9693594481891376,9023.602725747733,10419.702607132369,15.471646124236369,0.9659974303155202
10026539,arrhenius,0.5930576361555957,26.086685255701937,0.5782721792104615,,,,1.4261513196837368
10011580,arrhenius,0.5860448284178028,53.6236309106658,0.8652271368367161,4482.9941122613645,5913.70111557184,31.91409507760387,2.4730305426140515
10034573,charniere,0.797592900455805,54.91655191687284,0.9569678507203317,1739.0073360593478,1697.9467300092808,2.3611519743850993,1.1003867116315604
10015116,charniere,0.5870917113244127,54.83020727843799,0.5089854383112794,2940.770657628798,3219.580622269766,9.480846930980272,0.7064890256119906
10024083,quadratique,0.7953829745129732,53.30268410893945,0.9220436722941282,2293.3758743563712,2759.1179324353393,20.308143261063872,1.3075572230105756
10001226,quadratique,0.6479356445308565,25.99163999611383,0.5917199658543673,,,,1.8109868783344683
10031168,charniere,0.4060164230412776,26.686175501911638,0.9459837496814651,6238.972843192468,9250.782655684554,48.27412922270311,1.4465215209595954
10033142,charniere,0.8714653019471648,25.86974105437384,0.9569317694996586,2281.43211293012,4918.150280500776,115.57294002424774,4.83031757816915
10006728,charniere,0.6000599282966376,28.49543739409083,0.6162243555520651,3966.907291647334,5740.017456935437,44.69754483603736,1.315238460720492
10027009,arrhenius,0.6596231567372844,54.89686752575642,0.9784804623660668,1829.0851083345447,1916.5244150176811,4.7804941544110795,1.0588637205843918
10042176,charniere,0.5365362967403856,27.25638320051986,0.5854222998317116,5287.34151714506,6909.867960053041,30.686999083503068,1.1660330234157485
10022917,arrhenius,0.8450029196051148,49.18823878799218,0.5517048053861835,2136.5628605715438,2257.8494434662257,5.6767149299897985,0.8493218909608544
10048885,arrhenius,0.44128927829112813,34.663499833768135,0.5548183038883842,10044.92974968287,,,1.0954586000350923
10015293,charniere,0.49311249764104464,26.337549135543792,0.5741886023040402,7150.7748755124285,8605.333161456654,20.341268062085245,0.7170785599224391
10044427,arrhenius,0.4788068511581367,40.0262461581592,0.6004308122689214,4437.858446590598,5910.625453217364,33.18643495171022,1.3999193418189662
10003042,arrhenius,0.4798792195616203,53.029265025580585,0.6016845913725001,4029.0799575331716,5983.562975799138,48.509412542475594,2.37709115338185
10034238,arrhenius,0.6126422731210072,36.26716949368413,0.9470485768088079,2947.7276155411305,3720.0303492738776,26.19993549135887,0.9913808246947273
10032708,arrhenius,0.5147773274771255,32.22371392893356,0.9776360119431113,2501.895310540256,3837.8568653560374,53.39797989098495,2.55469839449337
10001100,charniere,0.7602257016468194,52.90021420297944,0.856983198754958,3232.31184014358,3593.734410292412,11.181550172856394,1.3260987150369619
10016896,charniere,0.4060892394263995,26.434957713256622,0.9729699841990154,3674.658509729812,6180.142611898055,68.18277386957693,1.8956574292858681
10022086,arrhenius,0.5118102674958838,46.1197149227551,0.5911004587615108,7904.5286354441405,11069.816174092814,40.04397586031164,1.2133942979809602
10023934,charniere,0.6225728132568518,52.85134024825541,0.5981883162087428,2342.1889734264037,2416.386460941918,3.1678693887355407,0.8473500357568878
10029357,charniere,0.49147094196811353,25.097377928388603,0.9704535871243272,4145.326182616633,5647.773609116912,36.24437162027856,1.421935196485866
10038633,quadratique,0.5504481546400946,27.37204662239304,0.9166829438099146,4490.916241591567,6407.909827148555,42.68602401895635,1.5454716666494936
10008358,arrhenius,0.6728133915250103,47.976839863006134,0.9893535449463597,2425.0925564336253,2880.217814506383,18.767335575103626,0.970606472746309
10020173,charniere,0.5341672699815903,53.84228239378941,0.6479584503223931,3154.8902517885517,6120.903151674327,94.01318788202857,3.587823800838126
10035896,charniere,0.4826502087351663,26.818871356145532,0.6115923485723758,,,,1.5993096669647278
10049672,charniere,0.4597629510906728,35.68322182609277,0.5068579585744759,,5876.610162092689,,19.800598439301456
10022136,charniere,0.4549894335268114,48.404744453416285,0.5062732739217259,5770.363330286784,6618.655249141856,14.700840662886172,0.6256343554365922
10017311,charniere,0.8130128226564375,51.972092028371854,0.85095393688,2788.2255947516664,3160.6875601858546,13.358387001944209,1.3864087535271454
10012884,arrhenius,0.7809402425823861,25.137115543229225,0.9472329001448002,3179.0279040854666,4167.670032963245,31.098881755873986,2.7690753786639224
10008800,quadratique,0.5498053643754305,54.368310968517626,0.8881143810134599,4974.355037264629,3828.7331663980863,23.03056099301898,6.645621148170632
10010183,charniere,0.6345088325812687,33.72610857291761,0.6094312121717074,7569.7305415299315,7078.248214551594,6.492732129392323,2.003233046572024
10021420,arrhenius,0.6748344317031724,33.81417403826945,0.9444405567915305,2505.631034900083,3613.706905712999,44.223425371848606,1.6089153167515289
10023369,charniere,0.5214989051799561,46.73409237743693,0.6232100631826465,2852.807016462051,3300.3123266355456,15.686490799804426,1.160227609203082
10000024,charniere,0.5830596696933024,52.85866687098425,0.5095691544473633,4265.642561111059,4676.174499269417,9.624152335244602,0.8824199818483365
10015084,quadratique,0.6235532992939059,35.61595977658792,0.9229616139867888,3284.8874620217534,4251.478445353594,29.42539111330565,0.9593388431813402
10043500,arrhenius,0.6033561622740069,49.536162087928794,0.5954311396599067,10812.9295121131,7059.76002600211,34.71001528222792,9.541644411586773
10000323,arrhenius,0.4891075979611653,39.95019736742759,0.9963414608022696,11637.215614527931,11647.144427277708,0.08531948774225227,1.6377527558348868
10024881,arrhenius,0.6375611417367288,52.53752074336598,0.5189506695386459,3100.928064088009,3428.764032708403,10.57218877203499,1.8186886628677068
10042723,charniere,0.494728904800403,52.94982083540488,0.5916154670053574,2026.5991435360188,3199.1741437212495,57.85924680394944,2.072512313969857
10003648,charniere,0.7216141976076211,53.51124713993256,0.8718526286250957,3483.296958954087,4305.6954550563905,23.609772746715258,2.0177299990052755
10040169,arrhenius,0.6785863178002849,52.93019388966876,0.9646371145594248,2909.645932364457,3387.6299064765294,16.427564907309854,0.9268222251367776
10027760,arrhenius,0.5935746131139548,53.252530259337796,0.5244500322730039,2520.1471006703864,3634.6340424893924,44.2230908474565,2.9833913927213125
10029462,arrhenius,0.7564835949810311,49.788955500410665,0.5086784344282267,3415.5462662228706,5780.660872078443,69.24557366547013,2.3727182897506993
10044634,quadratique,0.5640308808655028,54.25410212737882,0.5533835691315787,6588.001763630251,8113.805260354579,23.160338316053362,0.6008415894053875
10046053,arrhenius,0.7066906246193875,35.13356439169094,0.8561806535177563,8076.234861700455,8845.536576441591,9.525499541740155,0.5371132114874186
10021765,charniere,0.5071591812705587,53.038627903687456,0.9543740510186579,2257.7758148764906,2923.262904902774,29.475339652475125,1.4882225873291184
10004140,quadratique,0.5986030043635884,33.898637976442544,0.6332982562000844,5371.535486061203,5123.226096610326,4.622689175101323,0.46449542663518656
10024038,quadratique,0.5928234477605488,27.304095508077147,0.9580848703188843,9028.76621942779,10901.832249629902,20.74553692808785,1.1695953372668393
10045738,arrhenius,0.42367161697580796,39.65433964083914,0.552195740279196,10879.64278519062,8501.905301355888,21.854922360790283,4.2999976233051935
10000896,arrhenius,0.7055379811336995,26.115641071278,0.5479926245755274,5395.573677197378,6694.600524578265,24.075787397191853,1.0557400777074828
10015355,charniere,0.4043658152215781,48.31348424923771,0.6235012124728282,3905.381538808891,5477.598227908415,40.25769757643287,2.058968006548876
10035435,arrhenius,0.5624763648528669,48.49809498750316,0.9135475288186765,5370.709359112024,7132.29516371924,32.79987217365401,1.4956157256052107
10015393,arrhenius,0.6154292205288522,55.25317697842241,0.5792666916135796,2812.5458132586186,3266.8115405564045,16.151407211087275,0.8188048846722652
10006344,charniere,0.4842232462653206,24.41169202053548,0.9385641231133903,5554.723433702206,8792.887655542596,58.295687633941526,2.383472696269328
10015826,charniere,0.5873184054925802,51.94182142997019,0.9285277955284135,2136.155743081251,2811.2052501338894,31.601137194188293,1.5716122374083417
10040861,quadratique,0.42569711292147905,27.785579030717788,0.9662055146208294,6680.32566746778,7799.635090895904,16.755312227950196,1.121345683745913
10039954,arrhenius,0.5314892088961503,54.42017875909368,0.5919813725767716,4901.026621568642,5236.258954504583,6.840043093433448,2.428708224473837
10029312,charniere,0.513063776380724,35.84180143754449,0.6423013352492104,4233.055286599879,4424.2829073519515,4.517484601663982,2.31847093500297
10007966,charniere,0.6862041906527964,26.247153668198887,0.556972107578561,4002.9205954024164,4867.33998872266,21.59471747486269,0.6774457228983126
10048181,arrhenius,0.43700050263677204,54.052867702297085,0.626462110270926,4177.242054389978,4255.664260884174,1.8773680211272392,0.9931079026429019
10031895,arrhenius,0.4064596729582891,49.094313119084966,0.632727518496126,5660.4469741110925,7234.444663317309,27.806950518309463,1.816336020523257
10001427,arrhenius,0.4824943520801008,24.663736824433467,0.5290993667586081,3678.0760797437174,6066.0891637292525,64.92560328311447,2.664699727812974
10011386,arrhenius,0.47382084481364095,28.274736459122916,0.5031371698845739,,9973.864288326868,,3.1017479479994754
10006656,quadratique,0.49119516252966355,36.36042088573259,0.5756555308929829,3094.7893124893444,4366.010949004092,41.076193180085006,1.804337099325475
10046231,arrhenius,0.51984804732346,53.1903899525956,0.5512417861924255,2355.9103049459713,3264.337393681478,38.559493832526854,1.035515558685593
10012002,charniere,0.4999180134232852,25.68458418202769,0.5839682651582991,11118.54369353619,,,1.1450592786880474
10008050,quadratique,0.5762063089668678,47.013786045887336,0.5331652069487556,2060.1192126609567,4301.443845848979,108.79587061823533,3.5736727684635006
10037792,charniere,0.6518230817126698,43.89542271049819,0.905298236399814,6982.162108194279,5185.01060950456,25.739183233522727,7.1767903436144564
10005761,charniere,0.6185556739593686,42.65704168662961,0.6331721723021981,5551.413063314332,7960.519921437739,43.396281823156386,1.5632303842420792
10043266,arrhenius,0.4683110289912351,26.075754117574313,0.5028714459117433,,,,1.135131998773694
10007984,charniere,0.706486491612141,51.40343267163875,0.975370776870373,3700.137553201521,4981.385396047674,34.62703276362148,1.5078229429879872
10049878,charniere,0.7064759917751482,48.39122176550529,0.5665602924715804,4089.284037232002,3781.2079050408247,7.533742566821333,1.731282490823522
10046718,arrhenius,0.5439464692304256,32.03884461890848,0.905156486170946,5246.812312100879,6495.723501544023,23.803237378298103,0.8945958016777614
10016240,charniere,0.6345504696372553,54.43935501971013,0.6235822584480193,1409.3885119794631,1878.9923070510285,33.319683755050235,1.638632882259642
10048277,arrhenius,0.5946276960574981,51.74192403345274,0.9853219727834441,4523.840804065345,4814.57873210634,6.426793970727787,0.999052998761931
10036873,charniere,0.5757266267944565,54.41022625270715,0.5112033278710985,4052.426510826591,4255.279325752569,5.005712364777751,1.239579018994217
10038634,arrhenius,0.949324786765829,26.65073697431072,0.5085502389539376,5345.520677858849,5884.793963418875,10.088321008535175,1.0460096362024673
10003819,quadratique,0.43114650841644553,25.98439742545932,0.9144716561703362,,,,2.963400435874459
10019978,arrhenius,0.6816083549336027,53.10071179360552,0.584870431857068,1837.1699435903654,2482.4229442962796,35.12211828617781,1.3034823332257768
10043806,arrhenius,0.6531322812951955,24.886085647104387,0.5038167963006344,4114.839122221923,5501.477792536139,33.69849049081318,2.0871655956316792
10004477,charniere,0.5579611165909198,27.619223108490903,0.6094859828588526,8340.412537383001,9544.203804289109,14.433234105753545,0.9635824209993937
10017006,charniere,0.5322904750098212,42.00827282633512,0.6013622106559179,4669.134332922446,5146.5863451305595,10.225707340257058,0.9441861124384707
10039230,arrhenius,0.5293504983400407,25.729482537426602,0.9681956478556519,10380.382223904577,9714.525547519635,6.414567999736715,2.753122038143113
10001697,charniere,0.7060412694823884,46.66034124938387,0.5168997413600817,1560.138861749901,2166.844395753565,38.88791881789061,1.7671409462862102
10036284,quadratique,0.4828779218522685,31.819160584986736,0.8704310968951474,,,,1.608061056023971
10008147,charniere,0.5461696758441993,25.535342600389278,0.870561613184138,10059.83223738551,,,0.7668434825851497
10049929,charniere,0.7169956649220315,52.896496756715415,0.8827937525305409,1598.5806173955211,2902.3978178365455,81.56092887984977,2.5590676369517102
10018361,quadratique,0.6395036401296204,35.43941274895175,0.9203832755409992,4465.496893302286,4495.616825057551,0.6745034757597036,0.6247301587060947
10006458,arrhenius,0.4000972048440208,33.805051105497974,0.6067645668698587,8657.740694821478,8925.896180750273,3.0972917228762613,0.33388229333526115
10014466,charniere,0.6428271852979841,39.226800044819065,0.6320037358856956,2301.7943038301837,2319.891343886113,0.7862144773673314,1.3613817114615652
10012201,arrhenius,0.5457608305337394,27.505071908443902,0.8605596393337263,,,,1.334608170132146
10034757,charniere,0.45377206961540195,41.065661534505665,0.5582589527825313,3530.417739495458,3802.6639141205615,7.711443650971763,0.8104139485172666
10044697,arrhenius,0.4026574869321762,54.573040092569,0.5957064569428664,7764.605437408831,6183.686144061247,20.360587618926846,3.0482014721251853
10037178,charniere,0.7539905396072196,27.69176946683995,0.5536047538442435,8303.376971772394,8504.835866406213,2.4262284528172717,1.5262767417405956
10043705,arrhenius,0.7375834751484959,26.680853173823085,0.8830963430554343,5435.864973941739,4300.309835118876,20.890054191309886,2.8031564511315183
10010840,arrhenius,0.6208312378899546,41.12594427898966,0.5504240493763737,7251.444566433412,5091.246684295758,29.78989720389101,6.5835969535426315
10049132,charniere,0.6092860668755146,25.435254855605987,0.5474736590633628,3938.409525853711,5632.142688133326,43.005511518319636,1.6600146752772977
10017957,charniere,0.636452270256637,40.895266226683546,0.917735069690068,3674.5614185900376,6098.418885369175,65.96317738809748,2.6181239601104784
10043217,charniere,0.8022634249472562,27.661591019904264,0.9281916332477332,4523.500383007456,4818.972279660366,6.5319303998039215,1.116297562155385
10030951,charniere,0.5270002679157926,31.949902004649182,0.6149882311032463,7223.092226299252,10476.476104283987,45.041427910046295,1.2970426772868395
10013704,arrhenius,0.6061704381369337,25.981078367890447,0.5268549832302777,11323.10863197075,11065.139230252027,2.278255999331734,1.5494059731096264
10029851,arrhenius,0.6077474300754375,53.18813248051378,0.8848669404996633,974.3369959797999,1728.712073574879,77.42445177671556,2.57984921758681
10007133,quadratique,0.8557886526237894,53.814946797576496,0.5963528060635839,1457.6846286411205,3227.122561816539,121.3868828969487,2.804686611531552
10049505,quadratique,0.5513708904494853,52.312839730674575,0.8910272849034185,2628.3690638162557,2264.424961460518,13.84676556142804,3.1595281246741953
10000841,charniere,0.8369608078666078,26.28968270395581,0.6464712387883107,2655.929278541518,3482.8694982381076,31.135626478378853,1.9581606841167418
10007196,charniere,0.7914549267767433,26.379029085958397,0.8717249834049486,5799.442448098524,6905.054713367032,19.064113061954888,0.9779287840776709
10028088,arrhenius,0.6654747909702199,47.96738608083881,0.8799105035755252,1413.4613267241061,1588.5993259320712,12.39071744636069,0.9857900703300398
10029485,charniere,0.5341210270649801,55.18018664574257,0.587120040107706,3515.085083106815,4153.717708616046,18.168340464316003,0.7181776459870033
10012327,charniere,0.4681741942137364,26.33057838639677,0.9866983543768777,3647.0533796931995,5358.103477592201,46.91595981090191,1.7634711718638112
10007253,charniere,0.6646561307184314,40.336260341157654,0.9548745042038155,2496.816573952001,2581.990468945191,3.4112996477901247,0.6306473370470712
10036231,quadratique,0.6860232657328594,25.762840752968334,0.9660885844786398,,,,1.9417840302673952
10022851,arrhenius,0.4563539920460219,27.6699526057565,0.8661598329786869,,,,1.553743489994363
10023809,quadratique,0.44557870003789257,32.67170075977773,0.5985668821865548,3976.4622676704416,4293.566986531121,7.974543639928743,0.26057357126759423
10000390,charniere,0.7518095044040773,26.93053068859327,0.6244613888090231,3847.882769810269,4495.876767165182,16.840273888771936,0.4741138124819306
