soh_k_vrai,b,rep,n_k_vrai,x1_bw,soh_bw,ecart,rapport_pentes,profondeur,n_points
76.0,0.028,0,5241.974300760008,1569.2854115901735,91.75072493512056,15.750724935120559,0.7172664144401274,26.812875416063306,5000
76.0,0.028,1,5241.974300760008,1720.0447593818365,90.83778697214423,14.83778697214423,0.7443366838919644,26.426490296450098,5000
76.0,0.028,2,5241.974300760008,1455.572071555576,92.13577696123146,16.135776961231457,0.7177058899830809,26.478312563071427,5000
76.0,0.028,3,5241.974300760008,1701.96222036418,91.27284979968253,15.272849799682533,0.7405842667038576,26.771670121429196,5000
76.0,0.038,0,3578.5981316516827,3693.6417915936463,73.87537894083634,-2.1246210591636583,2.1281759972493255,48.84135592676254,5000
76.0,0.038,1,3578.5981316516827,3689.257271867488,73.98857039020578,-2.01142960979422,2.122277663417656,48.573409751838916,5000
76.0,0.038,2,3578.5981316516827,3690.4342697839857,73.98959421048987,-2.0104057895101306,2.1234424783424126,48.77164200117539,5000
76.0,0.038,3,3578.5981316516827,3695.115752751383,73.74232142197532,-2.257678578024681,2.146402294988637,49.040842629199545,5000
76.0,0.054,0,2306.48283468312,2431.5192920005525,72.92354542494785,-3.0764545750521535,1.671695832409904,61.319865762144055,4161
76.0,0.054,1,2306.48283468312,2436.5843595763395,73.20230491414658,-2.7976950858534195,1.67803034641489,61.39137263871214,4161
76.0,0.054,2,2306.48283468312,2430.799365064496,73.06174489668805,-2.9382551033119455,1.6823896585001221,61.38817333307554,4161
76.0,0.054,3,2306.48283468312,2426.7778160939038,73.29396130636216,-2.7060386936378364,1.676385183693218,61.37528916873834,4161
77.0,0.028,0,4995.611331327229,1396.398673879685,92.74149851426724,15.741498514267235,0.7112428337113712,26.814181089948036,5000
77.0,0.028,1,4995.611331327229,1719.6518811702053,90.47999304382535,13.479993043825345,0.7361903745283853,26.82202839888768,5000
77.0,0.028,2,4995.611331327229,1447.295337859972,92.53303639657325,15.533036396573252,0.7273490761267523,26.861465518288895,5000
77.0,0.028,3,4995.611331327229,1666.7486640514378,91.36542703638244,14.365427036382442,0.728668689202507,26.436157816100575,5000
77.0,0.038,0,3410.410725240232,3511.038545854731,75.03461915097016,-1.9653808490298417,2.114843542885365,50.60615750715442,5000
77.0,0.038,1,3410.410725240232,3527.596503538894,74.61932856228361,-2.380671437716387,2.118816065105543,50.58764843083713,5000
77.0,0.038,2,3410.410725240232,3517.2320320450153,75.11291146522423,-1.8870885347757707,2.1344031014645592,50.59080618625,5000
77.0,0.038,3,3410.410725240232,3529.8018458704014,74.86906823293423,-2.130931767065775,2.1165475008522163,50.23328457365591,5000
77.0,0.054,0,2198.082463468808,2326.6070644487545,74.34831896323438,-2.6516810367656234,1.6768631848129625,61.64091624595543,4096
77.0,0.054,1,2198.082463468808,2317.7131343464107,74.54740086551816,-2.4525991344818436,1.66920734944438,60.81934975852448,4096
77.0,0.054,2,2198.082463468808,2319.454770351947,74.18868526908518,-2.811314730914816,1.678837985312258,61.26604321094204,4096
77.0,0.054,3,2198.082463468808,2315.763374629912,74.50501315927313,-2.4949868407268667,1.665983847496987,60.85020805238451,4096
78.0,0.028,0,4751.655239626408,1397.1229746408073,92.71104913277138,14.711049132771379,0.7292528949612492,28.557276809300646,5000
78.0,0.028,1,4751.655239626408,1410.592002843367,92.56440869872947,14.564408698729466,0.7258843924465916,28.669650525269972,5000
78.0,0.028,2,4751.655239626408,1584.5736656577483,91.90829530987949,13.908295309879492,0.7562715068636497,29.172112593714616,5000
78.0,0.028,3,4751.655239626408,1306.5675022795724,93.1296823502854,15.129682350285407,0.7180266561588294,28.62738348677044,5000
78.0,0.038,0,3243.8664493861843,3355.020712770607,75.81593290807844,-2.1840670919215626,2.106116380120027,51.983658350200145,5000
78.0,0.038,1,3243.8664493861843,3358.0632713563473,75.84308622858211,-2.1569137714178908,2.1062305983509493,52.0644576792114,5000
78.0,0.038,2,3243.8664493861843,3353.7061912812223,75.74850997266994,-2.251490027330064,2.102275031965822,52.63217133334029,5000
78.0,0.038,3,3243.8664493861843,3353.220611361502,76.18141498994763,-1.8185850100523737,2.100981680991258,52.015035469610716,5000
78.0,0.054,0,2090.741124950086,2220.4521510099194,75.09973139694783,-2.9002686030521687,1.6616265145170348,61.18231034665083,4030
78.0,0.054,1,2090.741124950086,2213.479041619601,75.34061534341767,-2.6593846565823327,1.6600898595622384,61.20443310849743,4030
78.0,0.054,2,2090.741124950086,2196.5427009685777,75.82996730352463,-2.1700326964753742,1.6665684377836574,61.58264661938054,4030
78.0,0.054,3,2090.741124950086,2210.7042977272317,75.57621998455205,-2.423780015447946,1.6666804436302634,60.97300139614519,4030
79.0,0.028,0,4510.179460261554,4607.415977865194,77.1616599335876,-1.8383400664123997,2.6309487928300404,30.37342504522917,5000
79.0,0.028,1,4510.179460261554,4606.517615938888,77.30753963543054,-1.692460364569456,2.618716629503259,31.120883370423158,5000
79.0,0.028,2,4510.179460261554,4608.809552936293,77.23474277429027,-1.7652572257097319,2.691514176985967,30.885784742213616,5000
79.0,0.028,3,4510.179460261554,4612.069237960418,77.37497521214935,-1.6250247878506485,2.639485142641045,30.74566272786062,5000
79.0,0.038,0,3079.0154365246917,3179.3285593455294,76.67063458530728,-2.3293654146927167,2.113206451399857,53.286564179033036,5000
79.0,0.038,1,3079.0154365246917,3190.656605071685,76.68228492522654,-2.31771507477346,2.098072081736856,54.07947587639828,5000
79.0,0.038,2,3079.0154365246917,3192.696172280532,76.75815231152795,-2.241847688472049,2.117693991196024,53.79606584386308,5000
79.0,0.038,3,3079.0154365246917,3194.7052368595155,76.62221222609365,-2.3777877739063484,2.105369292979523,53.67801625065184,5000
79.0,0.054,0,1984.4911305508354,2100.5596773862,76.49890660774165,-2.5010933922583547,1.6633453719971627,60.960457278091845,3964
79.0,0.054,1,1984.4911305508354,2091.8649704211953,76.8801867197746,-2.119813280225401,1.6654466286147815,61.30000444640049,3964
79.0,0.054,2,1984.4911305508354,2089.210177308468,76.7133893483644,-2.2866106516355984,1.6618249442687656,61.08480923620718,3964
79.0,0.054,3,1984.4911305508354,2097.1623351652725,76.44216887827069,-2.5578311217293077,1.6607526318152788,60.80559276961878,3964
80.0,0.028,0,4271.262879229364,4359.860900157199,78.18194655052842,-1.8180534494715772,2.587234456464887,33.30604042699645,5000
80.0,0.028,1,4271.262879229364,4368.589547242831,78.34295263478525,-1.6570473652147513,2.6190675064347455,33.091673223881386,5000
80.0,0.028,2,4271.262879229364,4371.088777409452,78.14578933532574,-1.8542106646742553,2.6429920455929685,32.990938422706904,5000
80.0,0.028,3,4271.262879229364,4357.249346598536,78.51132939392323,-1.4886706060767665,2.5688023588730324,33.36949188675091,5000
80.0,0.038,0,2915.9115406550686,3020.8849165691145,78.03918124963812,-1.9608187503618808,2.099821540946135,55.788691074413705,5000
80.0,0.038,1,2915.9115406550686,3020.4493825371924,78.08045564870464,-1.9195443512953574,2.1050983411765416,55.544735704649376,5000
80.0,0.038,2,2915.9115406550686,3035.0705815725983,77.57790896338251,-2.4220910366174877,2.1009746664331583,55.28135607610967,5000
80.0,0.038,3,2915.9115406550686,3033.5062507434995,77.77990127361744,-2.2200987263825596,2.101783102294417,55.83355537930015,5000
80.0,0.054,0,1879.3671903224317,1984.8756465198796,77.73025372203088,-2.2697462779691193,1.6622584909208493,61.56410267943728,3898
80.0,0.054,1,1879.3671903224317,2004.6470209573206,77.11501052022996,-2.8849894797700415,1.6536393154545366,61.2729097529276,3898
80.0,0.054,2,1879.3671903224317,1987.8322130578651,77.26885003392877,-2.7311499660712286,1.6481132451661455,61.51282047431099,3898
80.0,0.054,3,1879.3671903224317,1993.0600754122772,77.60219502485312,-2.397804975146883,1.6517130019581323,61.35449588945858,3898
81.0,0.028,0,4034.9904982639837,4123.881368630349,79.4450814509035,-1.5549185490964987,2.6197249260683266,34.835726270922876,5000
81.0,0.028,1,4034.9904982639837,4126.222004219139,79.07674009806884,-1.9232599019311607,2.6007676035459295,34.91669169707865,5000
81.0,0.028,2,4034.9904982639837,4135.659817052682,79.18871917667899,-1.8112808233210131,2.60745243783071,34.93973691983284,5000
81.0,0.028,3,4034.9904982639837,4126.380807897212,79.61709242757611,-1.382907572423889,2.5982612463958583,35.063941406986274,5000
81.0,0.038,0,2754.6127908765707,2874.8253369537706,78.83919878180407,-2.160801218195928,2.0927778072590475,56.877345941531395,5000
81.0,0.038,1,2754.6127908765707,2861.8012980433,79.00551339768289,-1.9944866023171102,2.0941031764945373,56.99531142036671,5000
81.0,0.038,2,2754.6127908765707,2860.3615826305763,78.48811826754856,-2.5118817324514424,2.0863808347331525,56.9904219695651,5000
81.0,0.038,3,2754.6127908765707,2853.0663992639998,79.20440939628963,-1.795590603710366,2.0947087092986876,57.088480203399506,5000
81.0,0.054,0,1775.4067052572243,1884.6376017225703,78.34827487342017,-2.6517251265798336,1.6460600157732235,60.80912667034197,3832
81.0,0.054,1,1775.4067052572243,1893.0313600776828,78.42655431874904,-2.573445681250959,1.647989144728416,61.21328477354292,3832
81.0,0.054,2,1775.4067052572243,1884.148290032906,78.70151104728085,-2.298488952719154,1.6508290584515288,61.26459241597381,3832
81.0,0.054,3,1775.4067052572243,1900.3627333621348,78.3276245508452,-2.6723754491547993,1.6486759620935787,61.262288022519364,3832
82.0,0.028,0,3801.4542147499747,3888.1635990147247,80.39233173380839,-1.6076682661916095,2.5847342604582653,37.62432868713506,5000
82.0,0.028,1,3801.4542147499747,3878.9366208077736,80.64001513770687,-1.3599848622931319,2.5826532497149075,37.47851815979658,5000
82.0,0.028,2,3801.4542147499747,3897.8283503793405,80.36539350828393,-1.6346064917160703,2.606724062323021,37.442040294324286,5000
82.0,0.028,3,3801.4542147499747,3884.330100062766,80.54574841265539,-1.454251587344615,2.597738489559532,37.464547857938655,5000
82.0,0.038,0,2595.1819238204416,2708.527848951964,79.79068957159512,-2.2093104284048763,2.083302050682499,59.30277947389238,5000
82.0,0.038,1,2595.1819238204416,2704.988430188029,79.94348119611229,-2.0565188038877125,2.09006897061178,59.096176867133096,5000
82.0,0.038,2,2595.1819238204416,2705.003726164349,79.87251563359327,-2.1274843664067333,2.0885711367990747,59.061902972776345,5000
82.0,0.038,3,2595.1819238204416,2702.4461316293095,79.6651716491078,-2.334828350892195,2.094868636644547,58.98221127590575,5000
82.0,0.054,0,1672.6501104523518,1784.3967378749214,79.52915391702359,-2.470846082976408,1.6404175032465975,61.64730131061714,3764
82.0,0.054,1,1672.6501104523518,1774.5953139170722,79.49270852350573,-2.5072914764942738,1.6438108933282458,61.10540837669932,3764
82.0,0.054,2,1672.6501104523518,1786.7550730097194,79.26710027956747,-2.7328997204325276,1.6419242822735967,61.245229763228004,3764
82.0,0.054,3,1672.6501104523518,1785.7771113448484,79.44134694517275,-2.5586530548272464,1.6455213616496098,60.831419897885304,3764
83.0,0.028,0,3570.7537439192824,3652.5742781802437,81.68409056194598,-1.315909438054021,2.5884904047720454,39.52678337030701,5000
83.0,0.028,1,3570.7537439192824,3652.5846957605345,81.58334016303621,-1.4166598369637882,2.5755846889925933,39.71584118146111,5000
83.0,0.028,2,3570.7537439192824,3667.6300606480845,81.23328968892915,-1.7667103110708524,2.5805554179826102,39.5163087945809,5000
83.0,0.028,3,3570.7537439192824,3667.284984666619,81.31618899606694,-1.6838110039330587,2.5827901414091663,39.65940806305876,5000
83.0,0.038,0,2437.687013216592,2550.388754756322,80.79615980500414,-2.2038401949958626,2.084220729506865,60.79097634027326,5000
83.0,0.038,1,2437.687013216592,2545.9565083707676,80.81993603648051,-2.180063963519487,2.081408938498506,60.95456947249812,5000
83.0,0.038,2,2437.687013216592,2557.2355888113993,80.83170204121467,-2.168297958785331,2.071546779884124,60.77055570715155,5000
83.0,0.038,3,2437.687013216592,2546.2077696489678,80.89733304407225,-2.102666955927745,2.084146685246616,60.96464324396509,5000
83.0,0.054,0,1571.1412808788916,1684.3538548632375,80.41036432839826,-2.589635671601741,1.635553615175806,61.163901060046086,3696
83.0,0.054,1,1571.1412808788916,1675.12280840082,80.53009910636148,-2.469900893638524,1.6409847466222185,61.362434935612775,3696
83.0,0.054,2,1571.1412808788916,1675.357645124615,80.95362305117915,-2.04637694882085,1.6340926099100659,60.92328416279733,3696
83.0,0.054,3,1571.1412808788916,1690.1140780685014,80.27025621292353,-2.7297437870764725,1.6380752791380606,61.01433694041654,3696
84.0,0.028,0,3342.997717910198,3426.4763029003975,82.52255784525455,-1.4774421547454466,2.6076845008777583,41.705448604663914,5000
84.0,0.028,1,3342.997717910198,3438.6455770167527,82.01142737680495,-1.9885726231950542,2.5710735803573495,41.91929115785305,5000
84.0,0.028,2,3342.997717910198,3442.5600648348836,82.43085764792323,-1.569142352076767,2.5720162182179567,42.17475968054972,5000
84.0,0.028,3,3342.997717910198,3430.847955027331,82.4337507058701,-1.5662492941299035,2.5797583841763387,42.34064298499841,5000
84.0,0.038,0,2282.2022202006565,2404.417385989009,81.74562352954523,-2.2543764704547726,2.084553940366481,61.20575268457747,4904
84.0,0.038,1,2282.2022202006565,2405.1181738117084,81.80043728138742,-2.199562718612583,2.0641670013914593,61.00479285665295,4904
84.0,0.038,2,2282.2022202006565,2402.1261628328116,81.75873333056785,-2.24126666943215,2.0654938663574627,61.57039198364033,4904
84.0,0.038,3,2282.2022202006565,2402.920644207241,81.60919232081157,-2.390807679188427,2.0740075210093587,61.585829160303156,4904
84.0,0.054,0,1470.928014970771,1580.3971747351522,81.55517157770876,-2.4448284222912378,1.6314849748629667,60.944708967339096,3626
84.0,0.054,1,1470.928014970771,1597.4160220086258,81.37430024629069,-2.6256997537093127,1.6274553760969,60.59294762955063,3626
84.0,0.054,2,1470.928014970771,1594.2444805912987,81.17559946409888,-2.8244005359011197,1.6212474094381122,61.22196718925146,3626
84.0,0.054,3,1470.928014970771,1586.9775383365882,81.57279984362194,-2.4272001563780634,1.628964136088906,61.82402929362755,3626
