source,cell_id,n_cycles,profondeur,x1,sd_rel,soh_au_knee,rapport_pentes
target,102Ah_25degC_1C_cell3,5307,36.85147058823529,4564.71905548662,0.0008059496898301963,78.25641454268641,3.798995411973498
target,102Ah_35degC_1C_cell1,5356,48.191176470588225,4948.3091861778,0.00043951941392165436,76.03607843137254,16.222739819473937
target,102Ah_45degC_0p5C_cell3,4501,60.300294117647056,3069.7843456943524,0.001897853036540974,77.37425185652336,2.9619530928219997
target,102Ah_55degC_1C_cell3,2415,37.139901960784314,1621.7567915947602,0.0013947368866570734,82.97065647194177,2.3154300719350736
snl,SNL_18650_LFP_35C_0-100_0.5-2C_b,3579,20.34883720930233,3330.223293541147,0.011952773065295462,82.74923336311593,2.5685951142403165
matr,MATR_b1c0,1849,17.151772727272714,1464.284212602657,0.002406379313725164,88.74556989479778,4.634701847603743
matr,MATR_b1c1,2158,17.754443636363618,1631.2278372316232,0.0011948873346555766,91.51681818181818,5.15859554605614
matr,MATR_b1c11,786,15.748637272727263,584.4724824856473,0.0015490466715571362,92.60432727272726,14.442283822730056
matr,MATR_b1c14,878,17.354654545454522,648.7197740892175,0.0012951268334730408,93.72098002754622,12.25128707099836
matr,MATR_b1c15,717,16.194071818181826,544.5952527210169,0.001485873463878669,93.31947315439926,17.719272499571616
matr,MATR_b1c16,860,18.20005727272728,665.9717355029088,0.0013089860206341212,94.3678193783869,15.151047522026095
matr,MATR_b1c17,855,17.164100000000005,646.41184707182,0.0014162090670188027,93.85037184396992,14.63764962052589
matr,MATR_b1c18,688,16.90909454545455,560.5206667922706,0.001196001353131585,90.51262690967502,7.992683456379824
matr,MATR_b1c19,786,18.561361818181823,571.343599085513,0.0013652004141225364,93.98306363636362,8.792766878501263
matr,MATR_b1c2,2235,18.11379545454544,969.1268723955608,0.006860475917874645,95.65127272727273,4.783574519749396
matr,MATR_b1c20,532,17.440460909090902,405.4308053192891,0.0036586620820264148,88.27497666546421,2.6381674864241567
matr,MATR_b1c21,557,18.388496363636364,433.61723945417447,0.0027275543948089044,90.8102083598877,4.721144070950444
matr,MATR_b1c23,1012,18.057170000000013,763.0149643691428,0.001484426422194956,93.45794545454544,9.791504205969655
matr,MATR_b1c24,1015,17.642683636363643,747.189335182436,0.0014278624378120913,93.39433636363634,9.033557112678556
matr,MATR_b1c25,852,17.73041181818182,605.4579676958117,0.0014011926214403698,94.01210909090908,10.050212439230863
matr,MATR_b1c26,868,18.78192999999999,647.5742746158521,0.0014574034256850507,94.31252195734706,10.35431912795885
matr,MATR_b1c27,840,17.97686636363636,632.3500771346139,0.001505711224729629,93.82234393032884,10.824067039606556
matr,MATR_b1c28,858,17.924111818181814,623.4572947379091,0.0012640558140562153,93.96177326210352,10.311254944312712
matr,MATR_b1c29,915,18.09999545454544,674.7640114876431,0.0013354057044340398,93.6888823614852,9.380690807201235
matr,MATR_b1c3,1432,18.14527,1038.3994667400216,0.0010052288151747846,93.5622010441278,8.64467569221009
matr,MATR_b1c30,707,18.120075454545443,547.5847736541068,0.001340748862810895,93.89154545454544,13.3328356442354
matr,MATR_b1c31,874,19.422451818181813,666.4464470685105,0.0011933064946272128,94.7109980055399,11.02492312741495
matr,MATR_b1c32,729,17.964669090909084,542.0851922680366,0.0014565951492013108,93.7526194873246,11.134871922774783
matr,MATR_b1c33,755,19.307137272727275,554.1169016941873,0.0016364130028264543,94.57302617659916,10.177559668729987
matr,MATR_b1c34,740,17.6875409090909,576.9391095727708,0.0014457658828896933,93.79148848394772,14.330791924183576
matr,MATR_b1c35,701,17.31877272727273,517.549383664759,0.0015952858627564142,93.82572803060732,13.988432142671355
matr,MATR_b1c36,702,17.77395272727273,520.5525376441828,0.0014392479984559902,94.12670482538267,12.39088959780187
matr,MATR_b1c37,646,17.405109999999993,479.73287582686106,0.0015546336985376896,93.91983608460733,11.626782395525831
matr,MATR_b1c38,615,17.44017090909088,469.79523562416,0.0015643879873617139,93.6739487774316,13.613563370357292
matr,MATR_b1c39,623,18.33332363636363,465.0337666442673,0.0015602264842393644,94.60204862517504,14.164706552711378
matr,MATR_b1c4,1707,18.034208181818187,1314.7538817816294,0.0014361253245040906,91.52296363636364,6.032207452969944
matr,MATR_b1c40,964,18.42667181818183,684.2195836206154,0.0017873108006576039,94.12015348638089,8.720496985079386
matr,MATR_b1c41,1049,17.990890000000007,794.3354642179355,0.0013154622560031593,93.3452026682339,9.240047966005935
matr,MATR_b1c42,700,18.138279999999995,489.7581390542815,0.0014872225515172202,94.90377507834788,12.282939234178036
matr,MATR_b1c43,649,17.07223181818182,484.7865234003804,0.0013004553586678591,93.43845514447872,11.99471665165368
matr,MATR_b1c44,614,18.57137363636363,424.6250900535983,0.0016636163244826625,94.74302887511745,10.269824460141962
matr,MATR_b1c45,597,18.446698181818174,424.6397456368837,0.0016724131992090837,94.88583077263972,12.086813953517147
matr,MATR_b1c5,1072,17.78094,792.1780413394516,0.0033025729940065703,93.77770580331372,12.12487652236994
matr,MATR_b1c6,634,17.798118181818168,508.0743235692867,0.0017529110954407048,92.88819531704826,11.295519646952034
matr,MATR_b1c7,868,19.341676363636356,642.4124485610163,0.0016742833607857764,94.51771388607354,9.35089063058389
matr,MATR_b1c9,1052,18.367800000000003,782.3036418628225,0.0015757345508507594,94.06988072750502,9.837369238926684
matr,MATR_b2c0,325,22.142072727272705,221.62710424087115,0.006399805396157536,87.07888,2.311767358784822
matr,MATR_b2c12,489,22.27929636363636,366.0798958224348,0.0029467148906842317,87.65398397553682,3.758433687086981
matr,MATR_b2c13,519,23.17064363636365,390.4258144674927,0.002191900688376981,89.5363635285378,5.096688208171643
matr,MATR_b2c14,508,22.897034545454545,381.83881136051735,0.002195321101413282,92.59819927077982,11.33376592517222
matr,MATR_b2c17,524,21.81267999999997,388.72555114715846,0.001937370577443287,91.60249885699452,11.646011002375374
matr,MATR_b2c18,522,21.7039309090909,389.1586263449325,0.0019797238673102324,89.26705389372367,5.868175023536638
matr,MATR_b2c19,488,20.205818181818174,398.64117845452097,0.0015570909072095032,86.43648242942328,6.088895618756938
matr,MATR_b2c2,463,22.581302727272742,347.1014675928317,0.0023894809768698695,91.79539944088116,9.774311823846768
matr,MATR_b2c20,530,23.302954545454558,466.2959754541075,0.009898053196925617,84.93056741745428,4.225761608420878
matr,MATR_b2c21,519,22.77155181818181,380.1095174833708,0.0025053564548637823,91.25158609869356,7.094263663147346
matr,MATR_b2c22,539,22.975379999999987,494.50650273603407,0.012174638964196731,82.64650126560791,4.293333238789473
matr,MATR_b2c23,561,22.605675454545448,408.6374369602878,0.0017166161701959771,91.60539012290668,8.131129344018087
matr,MATR_b2c24,523,21.978628181818166,390.15185517486026,0.0019120105414640728,92.17260146351084,12.19029828065291
matr,MATR_b2c25,486,21.932822727272708,366.84987086698544,0.0023837519787451474,90.77766569248928,8.35332389772165
matr,MATR_b2c26,497,22.802885454545446,365.0244494077046,0.002662195520531882,91.37351102824373,7.232140356354687
matr,MATR_b2c27,494,21.801968181818168,365.0431742814863,0.0022625492359300333,91.73303315820375,10.559062650464892
matr,MATR_b2c28,540,22.250640000000004,482.8687391858197,0.010189312845590173,83.99230648196192,4.400062380222265
matr,MATR_b2c29,521,22.32898,402.06326410320605,0.0018247711417015984,92.83695989301808,15.151450149018466
matr,MATR_b2c3,360,21.939732727272727,174.6813192366364,0.009283868940949944,91.67465562429857,2.4789591472388386
matr,MATR_b2c30,506,21.927289090909085,381.2286899851927,0.00219541371984075,91.80647205784936,11.315528421828157
matr,MATR_b2c31,518,22.45156636363636,377.10703079377714,0.0020482551929763048,93.2913435435334,14.656796306729772
matr,MATR_b2c32,543,22.47104727272728,412.2630892555868,0.0019110084472866754,93.05282727272726,15.100389280413015
matr,MATR_b2c33,545,23.012629999999987,404.8201849234928,0.001710749749657537,94.15444827204766,19.64458963911716
matr,MATR_b2c34,525,21.991217272727283,394.5398838403608,0.0017286906639228466,93.27309675683397,19.55917168676676
matr,MATR_b2c35,485,22.075082727272715,373.3502586169366,0.0021458597841376424,91.63431879096116,11.444944276829654
matr,MATR_b2c36,559,22.96126,412.613218827166,0.0019352799476688924,93.77470541762044,15.61455293943289
matr,MATR_b2c37,501,22.560863636363635,460.2283066569268,0.012089780324734196,83.13911555766775,4.795467927866553
matr,MATR_b2c38,486,22.23958909090909,374.0931758553879,0.002057259188402488,92.60428575503742,16.297031240362926
matr,MATR_b2c39,479,22.821930909090923,362.9414288345007,0.001970068293475493,93.9594010260944,20.949484392649776
matr,MATR_b2c40,529,22.76567818181816,391.0087074019948,0.0026697821522737694,91.44379090909092,7.49325735258622
matr,MATR_b2c41,451,21.969634545454557,334.8915912741268,0.0022466483421490387,92.79127033356812,15.384237695525483
matr,MATR_b2c42,491,22.90927727272728,419.5014988498053,0.007926386270533128,87.16639987209261,5.044155985137815
matr,MATR_b2c43,486,22.500862727272747,354.2612294717503,0.0021846917058050363,93.08022957249358,13.512790762668624
matr,MATR_b2c44,477,22.27769909090908,357.1833780977849,0.0019434430435181082,93.36130932825618,18.714602644293
matr,MATR_b2c45,513,22.312104545454545,383.6874898208122,0.0021199907997842566,91.9914141849293,11.042146233741352
matr,MATR_b2c46,448,22.319481818181828,343.1975558401765,0.002000816765109148,93.62713211636932,23.07439737589324
matr,MATR_b2c47,744,19.63041545454544,576.4994655318959,0.0022526546045876744,88.46683521212604,6.983835010339861
matr,MATR_b2c5,506,22.08334999999998,375.63092468312414,0.002103876842972833,92.0127908552597,11.315437324510905
matr,MATR_b2c6,544,22.105101818181808,498.53989133303935,0.007923502343591713,80.95764250983567,3.698282598773402
matr,MATR_b3c0,1007,17.0020181818182,834.7259179180833,0.0012607574787117377,92.00340636585184,12.78262391174385
matr,MATR_b3c1,1061,16.798809090909103,863.9411126552346,0.000971667533425402,91.92910328971288,12.143746803790926
matr,MATR_b3c10,1076,16.46670363636362,871.1249155827145,0.0009387203329115625,91.87606361834531,12.636927751064404
matr,MATR_b3c11,815,16.994019999999992,637.4448786253771,0.001811363027893898,91.88590527910672,8.786842271144526
matr,MATR_b3c12,930,17.577947272727258,748.3287324738285,0.0015192648741941914,92.97882885538732,13.3748200132712
matr,MATR_b3c13,814,16.846573636363644,621.9555149505278,0.0020105805909880273,92.00770245363012,8.172673039101664
matr,MATR_b3c14,856,17.459010909090907,659.825752189673,0.0019356370371047089,93.22024513261437,11.441015811921352
matr,MATR_b3c15,874,17.07620181818183,665.4676048047756,0.0019688834166504696,92.16804545454544,8.282919722770677
matr,MATR_b3c16,1636,16.441839090909085,1293.078306969583,0.0006934437889941067,90.99962276915876,7.921069172885139
matr,MATR_b3c17,1313,16.91070727272728,1012.8278478631516,0.000993056449007075,92.02070969359924,10.129696089396123
matr,MATR_b3c18,1144,17.089514545454534,902.6288713601896,0.0008822504543885038,91.73013942330026,9.259402711527732
matr,MATR_b3c19,1153,17.44100636363636,903.083659538458,0.0007498361832412712,92.24161684690353,9.380596752867236
matr,MATR_b3c20,811,16.768944545454545,672.764053468991,0.00134230436227572,92.17676345702505,14.791768007710424
matr,MATR_b3c21,770,17.059818181818187,595.3967378374444,0.0020070511021001445,88.28788130082572,3.0265601258256507
matr,MATR_b3c22,1000,15.938510909090908,863.315732584975,0.0011361184994559163,91.1324023848444,15.537651108180343
matr,MATR_b3c24,823,15.096358181818175,675.8210575167936,0.0017285544010444739,90.6771168470314,11.811235052553362
matr,MATR_b3c25,987,16.314547272727282,817.1244136888445,0.0011692541559128675,91.92675696125228,13.687783937134531
matr,MATR_b3c26,1026,17.434817272727273,791.2613789003423,0.001221626111447791,92.89837495010374,10.512864041471929
matr,MATR_b3c27,848,16.39927363636363,670.2794837915131,0.0015536729620307247,91.87921815210338,11.005601404846995
matr,MATR_b3c28,539,15.614289999999995,375.29812171567886,0.0025707701624474153,87.69966346713996,2.073548026655208
matr,MATR_b3c29,856,16.935975454545456,658.7086970092198,0.0018687721683087913,92.23770677848272,9.128633307011626
matr,MATR_b3c3,1113,16.573194545454555,900.6292146891074,0.0010233879996843405,91.6561848580412,11.252751494107644
matr,MATR_b3c30,933,17.13555000000001,754.8815598848475,0.001475070640715102,92.65493646605448,13.500091004317952
matr,MATR_b3c31,729,17.078864545454536,592.5580366103941,0.001572490252056079,92.63872375602418,14.284979695580018
matr,MATR_b3c33,1282,16.315862727272744,1083.7854246682466,0.000740942486943683,90.91535205158571,11.722083985047512
matr,MATR_b3c34,1156,16.487559999999988,919.6027859695996,0.0007012524608063209,91.56560468583994,9.59384549935534
matr,MATR_b3c35,1091,16.66027636363637,847.7671553041384,0.0011350556739642892,91.5142999496969,8.667941897895359
matr,MATR_b3c36,921,16.08420727272727,791.4966710515858,0.0013454270283031443,90.56666823424138,12.18437866111591
matr,MATR_b3c38,1933,17.285701818181806,1516.61248979551,0.0008029367648604709,91.37732584193589,6.820787685059713
matr,MATR_b3c39,1154,15.179213636363627,995.6267451720136,0.0010054465041770112,89.89143922345534,12.38743164679692
matr,MATR_b3c4,1046,17.49653090909092,810.7654901759257,0.0013311536558393137,92.51750472052971,9.91231511432674
matr,MATR_b3c40,794,16.237840000000006,613.9925897571613,0.001893248709719091,91.7689986549142,9.359196616105972
matr,MATR_b3c41,784,15.44532909090907,596.2875615270606,0.0018251542757794102,92.01166630813049,12.614645602349457
matr,MATR_b3c44,938,17.205110909090905,779.6247205381723,0.0014915552317785587,92.75291321966584,15.933266687609484
matr,MATR_b3c45,1799,17.188723636363648,1420.263553855311,0.0008838859504446535,91.30365691971583,7.424547682845317
matr,MATR_b3c5,826,15.52558363636362,675.1638691415202,0.001706763600240437,90.30701280387116,9.329685965765552
matr,MATR_b3c7,1834,17.014383636363632,1415.7481547381542,0.000904191661819055,91.70843327941508,7.661553487572252
matr,MATR_b3c8,826,16.70865727272728,678.5281789066661,0.0015216385750277236,92.16656161508,13.225078005199164
matr,MATR_b3c9,1037,17.21556363636364,838.8684818595443,0.0013669386055851303,92.7725593846805,14.286845570915649
matr,MATR_b4c0,982,41.27010363636363,800.2240179697147,0.001407434604942475,84.4411720829414,15.096232663552575
matr,MATR_b4c1,861,36.69808454545455,704.484111209493,0.0015463063220728158,84.22940736777879,12.685453401413763
matr,MATR_b4c10,1082,55.996612727272726,795.2883149467901,0.0009649273410772024,88.68197390835535,23.29741002959141
matr,MATR_b4c11,930,25.496073636363636,751.7552620525939,0.000993523761623645,90.73208782351747,19.036112396795904
matr,MATR_b4c12,898,31.95347909090907,727.1351650887603,0.0010465660968753808,89.97326100221123,22.90644232262941
matr,MATR_b4c13,869,38.034337272727264,687.2812678991947,0.0010482457746268069,90.3865670553694,24.70671732393076
matr,MATR_b4c14,767,51.37200272727272,538.3318001398891,0.0011370078673514522,89.61153357731048,23.618111502865663
matr,MATR_b4c15,871,60.83074181818182,614.1706364180999,0.0010493963442099572,88.26893535181092,23.058047375918665
matr,MATR_b4c16,983,27.907750909090907,794.5973148495267,0.0009881743402245433,90.05438285529623,18.62841850652626
matr,MATR_b4c17,930,31.59794272727272,741.0441903696471,0.0009345533535650497,88.1409538895011,17.639702443060493
matr,MATR_b4c18,1057,39.547009090909086,816.2077904169427,0.000812392200696775,88.52775542121208,20.43247905000762
matr,MATR_b4c19,1111,37.07265727272726,896.4300966098576,0.0010577261841170174,87.79247174348149,20.52744198232567
matr,MATR_b4c2,784,23.660740909090904,624.8898224324229,0.0016918215720673822,89.64080346393155,12.937847786387254
matr,MATR_b4c20,804,23.28140363636362,628.1439901779074,0.0016436583432832385,88.54854547575654,10.471618468536048
matr,MATR_b4c21,903,44.88683545454545,701.5447080000845,0.0010585078461478328,88.85713356397163,24.26704465408152
matr,MATR_b4c22,745,34.98071090909091,606.2886845327262,0.000989375515580506,89.0726230338364,27.345634143827706
matr,MATR_b4c23,1094,23.304556363636365,906.8734287349084,0.0009446587174688311,89.80217692997009,18.613563034297236
matr,MATR_b4c24,1115,35.952256363636366,901.2268244721712,0.0008732049515100023,87.62042556855161,20.8641911431191
matr,MATR_b4c25,567,45.72122636363636,407.5720783945959,0.0009151222846526783,88.54914618091378,28.461874278936413
matr,MATR_b4c26,579,46.03674363636363,430.2463710169165,0.0010165701829275959,88.13110580188919,31.367081374526062
matr,MATR_b4c27,563,33.38870818181816,449.543737105997,0.001162857897409064,88.77072073652803,29.29851036100625
matr,MATR_b4c28,882,28.09578272727273,732.582052879588,0.001060734204316278,90.80403811306054,23.04921871021023
matr,MATR_b4c29,956,27.69272181818181,749.867093283752,0.001152838719784869,91.18762758136958,17.72784544157542
matr,MATR_b4c3,911,48.247140909090895,719.0329771863377,0.001365920962243932,85.7962548840317,22.578602527652745
matr,MATR_b4c30,719,33.75040090909091,529.8198860837038,0.0017474375051145575,87.79863551185005,11.860155313555536
matr,MATR_b4c31,832,72.23222636363636,489.94534041591214,0.0012932523283569544,90.67707734862329,28.26636392993164
matr,MATR_b4c32,839,32.589510000000004,670.006562326377,0.0010271011799796496,89.88688716345676,23.61631758792237
matr,MATR_b4c33,530,24.00793727272728,433.5596697604633,0.001521543446597908,91.92368486067906,23.641896986964447
matr,MATR_b4c34,997,30.075546363636363,776.2801228637808,0.0009651148738728405,89.215917495664,15.647485921265153
matr,MATR_b4c35,1131,31.203669090909088,1022.8731828793326,0.00101346825213994,86.13351668516752,34.98089636146455
matr,MATR_b4c36,713,48.058642727272726,546.1068623616893,0.0007372542053844448,89.89764668045508,31.218516616777933
matr,MATR_b4c37,1005,40.576876363636366,788.1577418196495,0.0010123337860352885,87.12303699294738,18.908220193624445
matr,MATR_b4c38,1230,25.043390909090903,956.3658836856958,0.0018747513267834178,90.98900373269872,18.894919867372643
matr,MATR_b4c39,761,19.802409999999995,619.9425826766306,0.0015553422341500907,90.70412241785776,17.240694049995152
matr,MATR_b4c4,912,71.7575309090909,598.3058508963406,0.001037076508198491,88.78176721128636,34.84233575267683
matr,MATR_b4c40,1122,20.00088272727274,728.9861813100475,0.004899689780744007,93.43247027001824,13.315376619860888
matr,MATR_b4c41,997,56.642738181818174,779.2726624905267,0.0010471782054541118,87.1579860245343,29.168961872340187
matr,MATR_b4c42,915,47.13180272727271,709.0949711661226,0.0010488503808397485,87.87226651638525,24.622763843868043
matr,MATR_b4c43,951,53.40768454545455,683.8254712382457,0.0010104595749272532,87.06251277152913,22.09883248273138
matr,MATR_b4c44,1077,36.312256363636365,848.537814442489,0.0009155697960719257,88.29172053006857,23.06791243382157
matr,MATR_b4c5,1067,39.14177636363637,828.9879444839938,0.0008174541647093439,87.66971188236514,23.4984278690771
matr,MATR_b4c6,777,27.177962727272742,616.1883356694558,0.0013198579888960167,88.53565701377806,18.72264830492469
matr,MATR_b4c7,562,26.281599090909083,470.0701816599131,0.0013525853326180582,90.75446051025176,34.602906840089005
matr,MATR_b4c8,718,23.030289999999997,556.18856521513,0.0018222452395451436,90.35254309019034,14.07316225915741
matr,MATR_b4c9,529,36.73747636363636,376.4332824378224,0.0011112928721997617,91.38672382835576,23.23936407043804
