cell_id,n_cycles,n_points,soh_depart,soh_min,profondeur,x1,x1_sd,soh_au_knee,rapport_pentes,bw_rmse,ecart_corde,acceleration,c_max,c_moyen,c_premier,n_paliers
MATR_b1c0,1849,1849,97.3353818181818,80.18360909090909,17.151772727272714,1464.284212602657,4.449395351077828,88.74556989479778,4.634701847603743,0.7600712707993508,0.3642366724128745,3.553350720407365,3.6,3.6,3.6,2
MATR_b1c1,2158,2158,97.75465454545453,80.00021090909091,17.754443636363618,1631.2278372316232,2.5785668681867344,91.51681818181818,5.15859554605614,0.44103856285298604,0.41667003380587586,13.63722669370704,3.6,3.6,3.6,2
MATR_b1c11,786,786,95.79805454545453,80.04941727272727,15.748637272727265,584.4724824856473,1.217550683843909,92.60432727272726,14.442283822730055,0.448367146601818,0.5500332228081565,,5.4,4.2,5.4,2
MATR_b1c14,878,878,97.36055454545452,80.0059,17.354654545454522,648.7197740892175,1.1371213597893295,93.72098002754622,12.251287070998359,0.4221694302007581,0.5326782103942108,1064.3729301680396,5.4,4.2,5.4,2
MATR_b1c15,717,717,96.46578181818181,80.27170999999998,16.194071818181826,544.5952527210169,1.0653712736010057,93.31947315439926,17.719272499571616,0.46140399501238705,0.5796766004956506,,5.4,4.2,5.4,2
MATR_b1c16,860,860,98.28785454545455,80.08779727272727,18.20005727272728,665.9717355029088,1.1257279777453442,94.3678193783869,15.151047522026097,0.49599115555774675,0.5636709689506163,,5.4,4.5,5.4,2
MATR_b1c17,855,855,97.45927272727272,80.29517272727271,17.164100000000005,646.41184707182,1.2108587523010765,93.85037184396992,14.63764962052589,0.4857896079507129,0.5522427767746129,,5.4,4.5,5.4,2
MATR_b1c18,688,688,96.9245909090909,80.01549636363634,16.90909454545455,560.5206667922706,0.8228489309545305,90.51262690967502,7.992683456379824,0.3254702773302515,0.4538707508696995,11.01137303805643,5.4,4.2,5.4,2
MATR_b1c19,786,786,98.64679090909091,80.08542909090909,18.561361818181823,571.343599085513,1.0730475255003136,93.98306363636362,8.792766878501263,0.4005141815576555,0.48197403150003026,35.206266971042275,5.4,4.2,5.4,2
MATR_b1c2,2235,2235,98.17475454545453,80.0609590909091,18.11379545454544,969.1268723955608,15.33316367644983,95.65127272727273,4.783574519749396,1.8876762903657358,0.385715690541652,4.0829713518546935,3.6,3.6,3.6,2
MATR_b1c20,532,532,97.51181818181817,80.07135727272727,17.440460909090902,405.4308053192891,1.9464082276380532,88.27497666546421,2.6381674864241567,0.37605786359539745,0.24008585915574399,4.746648041849869,5.4,5.4,5.4,2
MATR_b1c21,557,557,98.40352727272726,80.0150309090909,18.388496363636364,433.61723945417447,1.5192477979085595,90.8102083598877,4.721144070950444,0.4855150599816144,0.3730533243987999,10.243046864815566,5.4,5.4,5.4,2
MATR_b1c23,1012,1012,98.11758181818182,80.0604118181818,18.057170000000013,763.0149643691428,1.5022395392612957,93.45794545454545,9.791504205969655,0.49885127070260127,0.511084576820822,53.750906018550104,6.0,4.8,6.0,2
MATR_b1c24,1015,1015,97.68504545454545,80.0423618181818,17.642683636363643,747.189335182436,1.4492803743792726,93.39433636363634,9.033557112678555,0.443135167954799,0.4948265668896733,24.949622228066556,6.0,4.5,6.0,2
MATR_b1c25,852,852,97.74859090909091,80.01817909090909,17.73041181818182,605.4579676958117,1.193816113467195,94.01210909090909,10.050212439230863,0.40344231651560164,0.5048050312995934,58.23883641396988,6.0,4.5,6.0,2
MATR_b1c26,868,868,98.87739999999998,80.09546999999999,18.78192999999999,647.5742746158521,1.265026173494624,94.31252195734706,10.35431912795885,0.47929113262680384,0.5095412331365607,34.08134115933764,6.0,4.8,6.0,2
MATR_b1c27,840,840,98.09509999999999,80.11823363636363,17.97686636363636,632.3500771346139,1.2647974287728883,93.82234393032884,10.824067039606557,0.4712844813479171,0.5225431627218572,52.660559645509665,6.0,4.8,6.0,2
MATR_b1c28,858,858,97.97704545454545,80.05293363636363,17.924111818181814,623.4572947379091,1.0845598884602328,93.96177326210353,10.311254944312713,0.3940211217477435,0.5058574290003166,53.922292548297456,6.0,4.5,6.0,2
MATR_b1c29,915,915,98.13215454545453,80.03215909090909,18.099995454545436,674.7640114876431,1.2218962195571463,93.68888236148521,9.380690807201237,0.42259125649875734,0.4949996497998327,43.16556145653358,6.0,4.5,6.0,2
MATR_b1c3,1432,1432,98.15662727272726,80.01135727272727,18.145269999999996,1038.3994667400216,1.4394876633302915,93.5622010441278,8.64467569221009,0.3965857100867198,0.4764085367221189,43.133261796089755,4.0,4.0,4.0,2
MATR_b1c30,707,707,98.16942727272726,80.04935181818182,18.120075454545443,547.5847736541068,0.9479094460073026,93.89154545454545,13.3328356442354,0.43998185672428863,0.549745068504763,47.71404916302234,6.0,4.8,6.0,2
MATR_b1c31,874,874,99.51265454545454,80.09020272727273,19.422451818181813,666.4464470685105,1.042949876304184,94.7109980055399,11.02492312741495,0.4308973759475116,0.5187710442053687,30.32395165314452,6.0,4.8,6.0,2
MATR_b1c32,729,729,97.98514545454545,80.02047636363636,17.964669090909084,542.0851922680366,1.0618578637677556,93.75261948732461,11.134871922774783,0.4410696370855537,0.518577813709531,65.7307465575608,6.0,4.5,6.0,2
MATR_b1c33,755,755,99.31734545454545,80.01020818181817,19.307137272727275,554.1169016941873,1.235491817133973,94.57302617659916,10.177559668729987,0.5176326124993126,0.4992313149370483,46.35191946308621,6.0,4.5,6.0,2
MATR_b1c34,740,740,97.87430909090908,80.18676818181818,17.6875409090909,576.9391095727708,1.069866753338373,93.79148848394772,14.330791924183577,0.48879051984961913,0.5557560780006581,137.41948668365887,7.0,5.3,7.0,2
MATR_b1c35,701,701,97.3405818181818,80.02180909090907,17.31877272727273,517.549383664759,1.1182953897922465,93.82572803060731,13.988432142671355,0.46961501609263945,0.5487276549619049,604.3774350651945,7.0,5.3,7.0,2
MATR_b1c36,702,702,97.98468181818181,80.21072909090908,17.77395272727273,520.5525376441828,1.0103520949161053,94.12670482538267,12.39088959780187,0.43427922237994493,0.5348532978788707,94.89686789593307,7.0,5.0,7.0,2
MATR_b1c37,646,646,97.71085454545454,80.30574454545454,17.405109999999993,479.73287582686106,1.0042933692553475,93.91983608460733,11.626782395525833,0.42741717012961167,0.5264835546467782,68.30641959274531,7.0,5.0,7.0,2
MATR_b1c38,615,615,97.54102727272725,80.10085636363637,17.44017090909088,469.79523562415994,0.962098612227454,93.6739487774316,13.613563370357292,0.4646622482747597,0.5451735551143151,1846.8389768604331,7.0,5.3,7.0,2
MATR_b1c39,623,623,98.3433909090909,80.01006727272727,18.33332363636363,465.0337666442673,0.972021099681124,94.60204862517504,14.164706552711378,0.4781167134659951,0.5456724214893004,,7.0,5.3,7.0,2
MATR_b1c4,1707,1707,98.03788181818182,80.00367363636363,18.034208181818187,1314.7538817816294,2.451465928928483,91.52296363636363,6.032207452969944,0.5514953542154512,0.43380599438372247,21.879979055434248,4.0,4.0,4.0,2
MATR_b1c40,964,964,98.48208181818183,80.05541,18.42667181818183,684.2195836206154,1.72296761183393,94.12015348638087,8.720496985079386,0.5333009703436048,0.478240875434058,44.62891473346157,8.0,5.8,8.0,2
MATR_b1c41,1049,1049,98.0874,80.09651,17.990890000000007,794.3354642179355,1.379919906547314,93.3452026682339,9.240047966005937,0.45245627091010576,0.4977047455576502,40.08755940350432,8.0,5.8,8.0,2
MATR_b1c42,700,700,98.17022727272726,80.03194727272727,18.138279999999995,489.7581390542815,1.0410557860620542,94.90377507834788,12.282939234178036,0.4224758565889524,0.522288226322374,,8.0,5.8,8.0,2
MATR_b1c43,649,649,97.11262727272727,80.04039545454545,17.07223181818182,484.7865234003804,0.8439955277754406,93.43845514447871,11.994716651653679,0.3607141444756791,0.5319500086663858,52.14329593068763,8.0,5.8,8.0,2
MATR_b1c44,614,614,98.6152909090909,80.04391727272727,18.57137363636363,424.6250900535983,1.0214604232323548,94.74302887511745,10.269824460141962,0.4296562373149285,0.4899582527713636,52.8751362024198,8.0,5.8,8.0,2
MATR_b1c45,597,597,98.54143636363636,80.09473818181819,18.446698181818178,424.6397456368837,0.998430679927823,94.88583077263971,12.086813953517149,0.4560199840915492,0.5187098919113496,261.7108797500897,8.0,5.8,8.0,2
MATR_b1c5,1072,1072,97.8296909090909,80.0487509090909,17.78094,792.1780413394516,3.540358249575043,93.77770580331372,12.12487652236994,1.4639462461479837,0.516113747546758,44.77684767574642,4.4,4.4,4.4,2
MATR_b1c6,634,634,97.80325454545454,80.00513636363637,17.798118181818168,508.0743235692867,1.1113456345094068,92.88819531704826,11.295519646952034,0.5266454893057381,0.5317019570854774,113.64914772728515,4.8,4.8,4.8,2
MATR_b1c7,868,868,99.44221818181816,80.10054181818181,19.341676363636353,642.4124485610163,1.453277957162054,94.51771388607354,9.35089063058389,0.5490315590742397,0.49375579522750745,39.91649774774813,4.8,4.8,4.8,2
MATR_b1c9,1052,1052,98.45219999999999,80.08439999999999,18.367800000000003,782.3036418628225,1.6576727474949988,94.06988072750502,9.837369238926685,0.5330686462404284,0.5136787791025286,112.31384752167645,5.4,4.5,5.4,2
MATR_b2c0,325,325,97.27764545454544,75.13557272727273,22.142072727272705,221.62710424087115,2.0799367537511992,87.07888,2.311767358784822,0.5497420177868906,0.2278121882506049,3.168877913066989,6.0,3.5,1.0,2
MATR_b2c1,169,169,97.46095454545453,75.1435809090909,22.317373636363627,93.80939160822663,1.1147291777421695,88.7420633595789,1.858931548696271,0.3002116488391295,0.16458108925294468,2.9514226198780142,6.0,4.0,2.0,2
MATR_b2c10,595,595,97.18655454545453,75.22901636363636,21.957538181818165,344.1816078993827,11.337028200706046,81.77113545454546,0.248813885465047,2.861853224632414,0.29882480286905566,7.346718324094271,5.0,4.3,3.6,2
MATR_b2c11,504,504,97.42769999999999,75.00819181818181,22.419508181818173,335.49782801147273,24.0377361476064,82.60998909090908,0.5629843176304927,2.981844069568666,0.3681809800924276,16.84150772391346,5.0,4.5,4.0,2
MATR_b2c12,489,489,97.38871818181818,75.10942181818181,22.279296363636362,366.0798958224348,1.4409435815445892,87.65398397553682,3.758433687086981,0.5229004566714117,0.3201563687218849,7.917023601398616,5.0,4.5,4.0,2
MATR_b2c13,519,519,98.20772727272727,75.03708363636362,23.17064363636365,390.4258144674927,1.1375964572676533,89.5363635285378,5.096688208171643,0.5300964605067527,0.39275177129777494,10.604031182617334,6.0,5.0,4.0,2
MATR_b2c14,508,508,98.00621818181817,75.10918363636362,22.897034545454545,381.83881136051735,1.1152231195179472,92.59819927077982,11.33376592517222,0.7040125019967342,0.52066441760697,,4.85,4.425,4.0,2
MATR_b2c17,524,524,96.87698181818179,75.06430181818182,21.812679999999972,388.72555114715846,1.0151821825802823,91.60249885699452,11.646011002375374,0.5941345685779728,0.5118610776478281,9.788419802584375,5.0,4.7,4.4,2
MATR_b2c18,522,522,96.71254545454545,75.00861454545455,21.7039309090909,389.15862634493254,1.0334158587359412,89.26705389372367,5.868175023536638,0.4782782628436516,0.40878766032931524,14.579090857723997,5.5,4.95,4.4,2
MATR_b2c19,488,488,95.27611818181818,75.0703,20.205818181818174,398.64117845452097,0.7598603627182375,86.43648242942328,6.088895618756938,0.3540779680375288,0.39061563589289505,6.750523707410051,6.0,5.2,4.4,2
MATR_b2c2,463,463,97.59446363636364,75.0131609090909,22.581302727272742,347.1014675928317,1.1063296922907497,91.79539944088116,9.774311823846768,0.6989276293511042,0.4987489903602119,,5.0,3.5,2.0,2
MATR_b2c20,530,530,98.46402727272726,75.16107272727271,23.302954545454554,466.2959754541075,5.245968194370577,84.93056741745428,4.225761608420878,2.2916105641693827,0.40310058579139363,2984.7355119897593,4.85,4.625,4.4,2
MATR_b2c21,519,519,97.89817272727271,75.1266209090909,22.771551818181806,380.1095174833708,1.300280000074303,91.25158609869356,7.094263663147346,0.675487429309388,0.44564651071957073,40.20664348806712,4.85,4.75,4.65,2
MATR_b2c22,539,539,98.15663636363635,75.18125636363636,22.975379999999987,494.50650273603407,6.562130401702038,82.64650126560791,4.293333238789473,2.6518442430575715,0.3914236139898156,393.561857380003,5.0,4.825,4.65,2
MATR_b2c23,561,561,97.68371818181816,75.07804272727272,22.605675454545448,408.6374369602878,0.9630216714799432,91.60539012290668,8.131129344018087,0.5019501832785781,0.4641390380266588,21.409428150693657,6.0,5.325,4.65,2
MATR_b2c24,523,523,97.08801818181817,75.10939,21.978628181818166,390.15185517486026,0.9999815131857099,92.17260146351084,12.19029828065291,0.6149271703324205,0.5283212207076656,,4.8,4.8,4.8,2
MATR_b2c25,486,486,97.02430909090907,75.09148636363636,21.932822727272708,366.84987086698544,1.1585034616701417,90.77766569248928,8.35332389772165,0.6544824044908906,0.4753343604664598,74.50319519004219,4.8,4.8,4.8,2
MATR_b2c26,497,497,97.87646363636362,75.07357818181818,22.802885454545446,365.0244494077046,1.3231111737043453,91.37351102824371,7.232140356354687,0.7012662785454687,0.45411138442717636,61.76574927902676,4.8,4.8,4.8,2
MATR_b2c27,494,494,96.89463636363635,75.09266818181818,21.801968181818168,365.0431742814863,1.1176993225494363,91.73303315820377,10.559062650464893,0.657322563934865,0.5079479865114388,,4.9,4.825,4.9,2
MATR_b2c28,540,540,97.41363636363636,75.16299636363635,22.250640000000004,482.8687391858197,5.502228936618693,83.99230648196192,4.400062380222265,2.3040299770771293,0.4125911532013744,18.972170266683186,4.9,4.7,4.9,2
MATR_b2c29,521,521,97.50039090909091,75.17141090909091,22.32898,402.06326410320605,0.9507057648265328,92.83695989301808,15.151450149018466,0.6583811348237625,0.5790362000758311,,4.9,4.575,4.9,2
MATR_b2c3,360,360,96.98644545454545,75.04671272727272,21.939732727272727,174.6813192366364,3.3421928187419794,91.67465562429857,2.4789591472388386,0.7605019021783039,0.2519971805855584,5.857986139806175,5.5,3.75,2.0,2
MATR_b2c30,506,506,97.02547272727271,75.09818363636363,21.927289090909085,381.22868998519266,1.1108793422394196,91.80647205784935,11.315528421828157,0.6790057932003262,0.5201053472113353,,5.2,4.975,5.2,2
MATR_b2c31,518,518,97.57084545454545,75.11927909090909,22.45156636363636,377.10703079377714,1.060996189961726,93.29134354353339,14.656796306729772,0.6644310671278153,0.5421696242458376,,5.2,4.85,5.2,2
MATR_b2c32,543,543,97.66062727272727,75.18957999999999,22.471047272727276,412.26308925558675,1.0376775868766648,93.05282727272726,15.100389280413015,0.6872997779213287,0.5662844068715349,,5.2,4.725,5.2,2
MATR_b2c33,545,545,98.09563636363634,75.08300636363636,23.012629999999987,404.8201849234928,0.9323586135633577,94.15444827204766,19.644589639117157,0.6366379164928266,0.5768038362866591,,5.2,4.6,5.2,2
MATR_b2c34,525,525,97.16826363636363,75.17704636363635,21.991217272727283,394.53988384036074,0.9075625985594943,93.27309675683395,19.55917168676676,0.6227917202618011,0.5801335982306224,,5.2,4.35,5.2,2
MATR_b2c35,485,485,97.15651818181817,75.08143545454546,22.075082727272715,373.3502586169366,1.0407419953067565,91.63431879096117,11.444944276829654,0.6719551416848087,0.5274007549021507,,5.2,4.1,5.2,2
MATR_b2c36,559,559,98.15736363636363,75.19610363636363,22.961259999999996,412.613218827166,1.0818214907469108,93.77470541762044,15.61455293943289,0.6825106813712599,0.5512845861330862,379.5331560957786,5.6,5.05,5.6,2
MATR_b2c37,501,501,97.71059999999999,75.14973636363635,22.560863636363635,460.2283066569268,6.056979942691832,83.13911555766775,4.795467927866553,2.8331420766085387,0.47007298237696427,,5.6,4.925,5.6,2
MATR_b2c38,486,486,97.26815454545454,75.02856545454544,22.239589090909092,374.0931758553879,0.9998279655636093,92.60428575503742,16.297031240362926,0.7113290470820017,0.5674785080065915,,5.6,4.8,5.6,2
MATR_b2c39,479,479,98.04193636363637,75.22000545454544,22.821930909090923,362.9414288345007,0.9436627125747612,93.95940102609441,20.949484392649776,0.7110724010834418,0.5848694183343588,,5.6,4.55,5.6,2
MATR_b2c4,470,470,97.53611818181817,75.06146181818181,22.474656363636356,323.02727649519056,30.38603974419265,82.53338090909091,0.6766851994720161,2.6978104499914726,0.33794991100025884,7.1718739638052735,5.5,4.55,3.6,2
MATR_b2c40,529,529,97.86835454545452,75.10267636363636,22.76567818181816,391.0087074019948,1.412314758552824,91.44379090909091,7.49325735258622,0.7573772443196833,0.4610009846718205,96.45020216370595,5.6,5.175,5.6,2
MATR_b2c41,451,451,97.10953636363637,75.13990181818181,21.969634545454554,334.89159127412677,1.0132384023092165,92.79127033356811,15.384237695525485,0.6912554094571565,0.5540146737520381,,5.6,4.3,5.6,2
MATR_b2c42,491,491,98.00217272727272,75.09289545454544,22.90927727272728,419.5014988498053,3.891855658831766,87.16639987209261,5.044155985137815,2.052677707556689,0.4513861899301279,,6.0,5.25,6.0,2
MATR_b2c43,486,486,97.59678181818182,75.09591909090908,22.500862727272747,354.2612294717503,1.0617601690212475,93.08022957249358,13.512790762668624,0.6810582154173064,0.5312487976484135,,6.0,5.125,6.0,2
MATR_b2c44,477,477,97.35336363636362,75.07566454545454,22.27769909090908,357.18337809778495,0.9270223317581376,93.36130932825618,18.714602644293,0.6511581964040357,0.5750645469618006,,6.0,5.0,6.0,2
MATR_b2c45,513,513,97.3156909090909,75.00358636363636,22.312104545454545,383.68748982081223,1.0875552802893236,91.9914141849293,11.042146233741352,0.6618125672902208,0.5158451445147841,,6.0,5.375,6.0,2
MATR_b2c46,448,448,97.51034545454546,75.19086363636363,22.319481818181828,343.1975558401765,0.8963659107688982,93.62713211636931,23.074397375893238,0.6975315169496119,0.597640845464004,,6.0,4.75,6.0,2
MATR_b2c47,744,744,94.73977272727271,75.10935727272727,19.630415454545442,576.4994655318959,1.6759750258132298,88.46683521212604,6.983835010339861,0.6166785036213293,0.4589162728089038,43.408197232621504,6.0,4.5,6.0,2
MATR_b2c5,506,506,97.09229999999998,75.00895,22.08334999999998,375.63092468312414,1.0645616825442537,92.0127908552597,11.315437324510905,0.6428362943622318,0.5189427172220447,,4.85,4.225,3.6,2
MATR_b2c6,544,544,97.15809999999999,75.05299818181818,22.105101818181808,498.53989133303935,4.310385274913892,80.95764250983567,3.698282598773402,1.321957825992735,0.25046554815884475,3.8564184543801003,6.0,4.8,3.6,2
MATR_b3c0,1007,1007,97.04137272727273,80.03935454545453,17.0020181818182,834.7259179180833,1.2695827810627198,92.00340636585184,12.78262391174385,0.491734678069305,0.5480812015230012,44.37816559899506,5.0,4.5,5.0,2
MATR_b3c1,1061,1061,96.82366363636363,80.02485454545453,16.798809090909103,863.9411126552346,1.0309392529643517,91.92910328971287,12.143746803790926,0.3811411279960533,0.5346652238079813,28.46132966168283,5.3,4.65,5.3,2
MATR_b3c10,1076,1076,96.52496363636361,80.05825999999999,16.46670363636362,871.1249155827145,1.0100630782128412,91.87606361834531,12.636927751064405,0.37476874724113685,0.5338414611651439,32.32220396238635,4.8,4.8,4.8,2
MATR_b3c11,815,815,97.0970818181818,80.10306181818181,16.994019999999992,637.4448786253771,1.476260867733527,91.88590527910672,8.786842271144526,0.516819984056969,0.4820696343402564,29.29156548972501,5.6,5.1,5.6,2
MATR_b3c12,930,930,97.65139090909089,80.07344363636363,17.577947272727258,748.3287324738285,1.412916333000598,92.97882885538733,13.374820013271199,0.576099808620649,0.5475965381691227,95.38648012877023,5.6,4.949999999999999,5.6,2
MATR_b3c13,814,814,96.86890909090909,80.02233545454544,16.846573636363644,621.9555149505278,1.6366126010642545,92.00770245363012,8.172673039101664,0.5264972431258821,0.4805207778725198,40.6993598840551,5.6,5.1,5.6,2
MATR_b3c14,856,856,97.51869090909089,80.05967999999999,17.459010909090907,659.825752189673,1.6569053037616308,93.22024513261437,11.441015811921352,0.6049017450980063,0.53181606981863,1025.4299794667888,5.6,4.949999999999999,5.6,2
MATR_b3c15,874,874,97.12897272727272,80.0527709090909,17.07620181818183,665.4676048047756,1.7208041061525106,92.16804545454545,8.282919722770677,0.5425412909670008,0.4802266231512796,36.483084989700224,5.9,5.25,5.9,2
MATR_b3c16,1636,1636,96.45536363636363,80.01352454545454,16.441839090909085,1293.078306969583,1.1344740387943586,90.99962276915876,7.921069172885139,0.2721401506643158,0.45990644928251256,13.906948224450975,4.8,4.8,4.8,2
MATR_b3c17,1313,1313,96.95012727272727,80.03941999999999,16.91070727272728,1012.8278478631516,1.3038831175462895,92.02070969359924,10.129696089396123,0.37071520504738187,0.48291653829031134,15.070825960007127,5.3,4.65,5.3,2
MATR_b3c18,1144,1144,97.09306363636362,80.00354909090909,17.089514545454534,902.6288713601895,1.0092945198204484,91.73013942330026,9.259402711527732,0.32294885024547976,0.4822500335475567,15.363999151871043,5.6,5.1,5.6,2
MATR_b3c19,1153,1153,97.44770909090907,80.00670272727271,17.44100636363636,903.083659538458,0.8645611192771856,92.24161684690353,9.380596752867236,0.2789280849602042,0.4897274058618315,14.448285449490376,5.6,4.949999999999999,5.6,2
MATR_b3c20,811,811,96.82274545454544,80.0538009090909,16.768944545454545,672.764053468991,1.088608837805609,92.17676345702505,14.791768007710424,0.49556615710948865,0.5640893639421283,64.60308310992231,5.0,4.5,5.0,2
MATR_b3c21,770,770,97.07784545454545,80.01802727272727,17.059818181818187,595.3967378374444,1.5454293486171113,88.28788130082572,3.0265601258256507,0.25961503047950857,0.26274751584797185,3.3401650787430444,5.9,4.800000000000001,3.7,2
MATR_b3c22,1000,1000,96.02402727272727,80.08551636363636,15.938510909090908,863.315732584975,1.1361184994559164,91.1324023848444,15.537651108180345,0.4603767014125876,0.570993697723569,34.68427104319066,5.9,4.5,5.9,2
MATR_b3c24,823,823,95.11574545454545,80.01938727272727,15.096358181818175,675.8210575167936,1.422600272059602,90.67711684703139,11.811235052553362,0.5106626107723148,0.5378556196162726,198.59038021070262,5.0,4.5,5.0,2
MATR_b3c25,987,987,96.46638181818182,80.15183454545453,16.314547272727282,817.1244136888445,1.1540538518860002,91.92675696125228,13.687783937134533,0.4469459969070867,0.5597855753480213,89.47811393427257,5.3,4.65,5.3,2
MATR_b3c26,1026,1026,97.45623636363636,80.02141909090909,17.434817272727273,791.2613789003423,1.2533883903454335,92.89837495010374,10.512864041471927,0.4305617469524796,0.5147378569812097,47.48271059892566,5.6,5.1,5.6,2
MATR_b3c27,848,848,96.40155454545453,80.0022809090909,16.39927363636363,670.2794837915131,1.3175146718020545,91.87921815210338,11.005601404846995,0.48232423516462136,0.5239123836232591,38.33381225790718,5.6,4.949999999999999,5.6,2
MATR_b3c28,539,539,95.62425454545453,80.00996454545454,15.614289999999997,375.29812171567886,1.3856451175591569,87.69966346713996,2.073548026655208,0.17163246697468312,0.18972453340871553,2.7822042655360693,5.9,4.800000000000001,3.7,2
MATR_b3c29,856,856,96.94261818181818,80.00664272727272,16.935975454545456,658.7086970092198,1.5996689760723253,92.23770677848273,9.128633307011626,0.536613157310835,0.4979176949886941,52.56021444267449,5.9,5.25,5.9,2
MATR_b3c3,1113,1113,96.62629090909091,80.05309636363636,16.573194545454555,900.6292146891074,1.1390308436486707,91.65618485804121,11.252751494107645,0.391567111053795,0.5195291431906589,23.667638247092267,5.6,4.949999999999999,5.6,2
MATR_b3c30,933,933,97.15811818181818,80.02256818181817,17.13555000000001,754.8815598848475,1.3762409077871902,92.65493646605447,13.500091004317953,0.5344815253171966,0.5559635959559843,66.70907852528599,5.3,4.65,5.3,2
MATR_b3c31,729,729,97.1073818181818,80.02851727272727,17.078864545454536,592.5580366103941,1.1463453937488817,92.63872375602418,14.284979695580018,0.5291424264676025,0.5605076110859679,117.92803012656447,5.9,4.5,5.9,2
MATR_b3c33,1282,1282,96.38836363636364,80.07250090909089,16.315862727272744,1083.7854246682466,0.9498882682618016,90.91535205158573,11.722083985047512,0.3197454162197872,0.5193042914184793,17.284464376589913,5.0,4.5,5.0,2
MATR_b3c34,1156,1156,96.5031818181818,80.01562181818181,16.487559999999988,919.6027859695997,0.8106478446921069,91.56560468583994,9.593845499355341,0.25418830943989457,0.49827341109932377,17.021531245272058,5.3,4.65,5.3,2
MATR_b3c35,1091,1091,96.67094545454545,80.01066909090908,16.66027636363637,847.7671553041384,1.2383457402950397,91.5142999496969,8.667941897895359,0.3739625164153039,0.4740178502816532,19.724820583067817,5.6,5.1,5.6,2
MATR_b3c36,921,921,96.13897272727272,80.05476545454545,16.08420727272727,791.4966710515858,1.239138293067196,90.56666823424138,12.18437866111591,0.47811119316542405,0.5279228388230399,23.797593727626776,5.6,4.949999999999999,5.6,2
MATR_b3c38,1933,1933,97.28611818181817,80.00041636363636,17.285701818181806,1516.61248979551,1.5520767664752904,91.37732584193589,6.820787685059713,0.31652063273996833,0.4517380233139149,11.926858360720392,5.0,4.5,5.0,2
MATR_b3c39,1154,1154,95.21850909090908,80.03929545454545,15.179213636363627,995.6267451720137,1.160285265820271,89.89143922345534,12.387431646796921,0.3951038322676968,0.5256993552532406,24.531222303572473,5.3,4.65,5.3,2
MATR_b3c4,1046,1046,97.49786363636363,80.00133272727271,17.49653090909092,810.7654901759257,1.3923867240079222,92.51750472052971,9.91231511432674,0.46912746283052975,0.5010970236810176,29.76029311590314,5.6,5.1,5.6,2
MATR_b3c40,794,794,96.30213636363636,80.06429636363636,16.237840000000006,613.9925897571613,1.5032394755169582,91.76899865491421,9.359196616105972,0.5096246038914752,0.5004972209000518,64.80969320990292,5.6,5.1,5.6,2
MATR_b3c41,784,784,95.50199090909089,80.05666181818182,15.44532909090907,596.2875615270606,1.4309209522110575,92.01166630813049,12.614645602349455,0.5010649807392252,0.5394546698444735,,5.6,4.949999999999999,5.6,2
MATR_b3c44,938,938,97.24727272727272,80.04216181818181,17.205110909090905,779.6247205381723,1.399078807408288,92.75291321966584,15.933266687609484,0.5947601984998029,0.5812359573357596,,5.3,4.65,5.3,2
MATR_b3c45,1799,1799,97.23168181818181,80.04295818181816,17.188723636363648,1420.2635538553113,1.5901108248499316,91.30365691971585,7.424547682845317,0.36466078706592203,0.4481538376727051,15.056982422433544,4.8,4.8,4.8,2
MATR_b3c5,826,826,95.58641818181816,80.06083454545454,15.52558363636362,675.1638691415202,1.409786733798601,90.30701280387116,9.329685965765552,0.48258839141446225,0.48874557686874687,26.184117353724673,5.6,4.949999999999999,5.6,2
MATR_b3c6,665,665,96.60112727272725,80.04779727272727,16.55332999999999,462.55043171754465,1.2768221961749537,87.73651220809265,1.8815780536403979,0.1288309401210346,0.161858629982221,2.2124615201559714,5.9,4.800000000000001,3.7,2
MATR_b3c7,1834,1834,97.04743636363635,80.03305272727272,17.014383636363632,1415.7481547381542,1.658287507776147,91.70843327941509,7.661553487572252,0.3636067932509136,0.46715987768012224,16.386937925118175,4.8,4.8,4.8,2
MATR_b3c8,826,826,96.7942,80.08554272727272,16.70865727272728,678.5281789066661,1.2568734629728995,92.16656161508001,13.225078005199164,0.5223618880235245,0.5560278140169153,92.01767862713902,5.0,4.5,5.0,2
MATR_b3c9,1037,1037,97.2256909090909,80.01012727272726,17.21556363636364,838.8684818595443,1.4175153339917799,92.7725593846805,14.286845570915649,0.5522655591988964,0.5606845180259723,307.71757867309464,5.3,4.65,5.3,2
MATR_b4c0,982,982,94.6261818181818,53.35607818181818,41.27010363636363,800.2240179697147,1.3821007820535103,84.4411720829414,15.096232663552575,1.2940833255903024,0.5759974357586253,68.62630930489239,5.2,4.84,4.8,4
MATR_b4c1,861,861,95.32603636363636,58.62795181818181,36.69808454545455,704.484111209493,1.3313697433046945,84.22940736777879,12.685453401413763,1.2127882553435614,0.5256827938008315,34.10410688587513,6.0,4.98875,3.6,4
MATR_b4c10,1082,1082,96.57200909090909,40.575396363636365,55.996612727272726,795.2883149467901,1.044051383045533,88.68197390835535,23.29741002959141,1.2174789490153677,0.5988565422674724,146.05702916263732,5.2,4.84,4.8,4
MATR_b4c11,930,930,96.32215454545454,70.8260809090909,25.496073636363633,751.7552620525939,0.9239770983099899,90.73208782351747,19.036112396795904,0.6272247430467223,0.5980629803613535,188.92443860486367,5.2,4.84,4.8,4
MATR_b4c12,898,898,96.20765454545452,64.25417545454545,31.95347909090907,727.1351650887603,0.9398163549940919,89.97326100221123,22.906442322629406,0.814389766664932,0.6249048890342889,314.8998149101098,6.0,4.9585,6.0,4
MATR_b4c13,869,869,96.92220909090908,58.887871818181814,38.034337272727264,687.2812678991947,0.9109255781506951,90.3865670553694,24.70671732393076,0.9285541404169206,0.626037630877095,,6.0,4.9585,6.0,4
MATR_b4c14,767,767,96.4442818181818,45.07227909090909,51.372002727272715,538.3318001398891,0.8720850342585639,89.61153357731048,23.618111502865666,1.0855458850566253,0.5729523180706498,,8.0,5.1850000000000005,8.0,4
MATR_b4c15,871,871,96.53680909090909,35.70606727272727,60.83074181818182,614.1706364180999,0.9140242158068729,88.26893535181092,23.058047375918665,1.2775038467373103,0.5733557434124124,421.4821616374053,8.0,5.1850000000000005,8.0,4
MATR_b4c16,983,983,96.08135454545454,68.17360363636364,27.907750909090907,794.5973148495267,0.9713753764407261,90.05438285529623,18.62841850652626,0.6613988136638486,0.6022530096777635,63.28800621163238,7.0,5.063000000000001,7.0,4
MATR_b4c17,930,930,94.54133636363635,62.94339363636363,31.597942727272716,741.0441903696471,0.8691346188154963,88.1409538895011,17.639702443060493,0.6610673421641999,0.6017804888873503,44.87761860493567,7.0,5.063000000000001,7.0,4
MATR_b4c18,1057,1057,95.54094545454545,55.993936363636365,39.547009090909086,816.2077904169427,0.8586985561364912,88.52775542121208,20.43247905000762,0.7785852249340266,0.6035707261434509,69.07965470359086,6.0,4.98875,3.6,4
MATR_b4c19,1111,1111,95.47239999999998,58.39974272727272,37.07265727272726,896.4300966098576,1.1751337905540062,87.79247174348149,20.52744198232567,0.9945687269577504,0.6127731193907658,63.90036914460597,7.0,5.063000000000001,7.0,4
MATR_b4c2,784,784,95.71735454545454,72.05661363636364,23.660740909090904,624.8898224324229,1.3263881125008277,89.64080346393155,12.937847786387254,0.7402184693482494,0.5512617127000295,44.883592352294336,6.0,4.98875,3.6,4
MATR_b4c20,804,804,94.99221818181816,71.71081454545454,23.28140363636362,628.1439901779074,1.3215013079997238,88.54854547575654,10.471618468536047,0.6664810813931099,0.5126534692139703,22.905448315517177,6.0,4.98875,3.6,4
MATR_b4c21,903,903,95.93945454545454,51.05261909090909,44.88683545454545,701.5447080000845,0.955832585071493,88.85713356397163,24.267044654081516,1.0669468681183747,0.6237727526738581,477.59816086855295,5.2,4.84,4.8,4
MATR_b4c22,745,745,95.50688181818181,60.5261709090909,34.98071090909091,606.2886845327262,0.7370847591074771,89.0726230338364,27.345634143827702,0.8061864240836266,0.6461391106709874,107.31785322424113,8.0,5.45,8.0,4
MATR_b4c23,1094,1094,95.30948181818182,72.00492545454546,23.304556363636365,906.8734287349085,1.0334566369109013,89.80217692997009,18.613563034297233,0.5804261352541021,0.6046042854054207,61.31059501610343,6.0,4.9585,6.0,4
MATR_b4c24,1115,1115,95.06609999999999,59.113843636363626,35.952256363636366,901.2268244721711,0.9736235209336526,87.62042556855161,20.8641911431191,0.847057906851602,0.6088638125649456,71.28259734242953,5.6,4.8629999999999995,4.4,4
MATR_b4c25,567,567,93.92684545454544,48.20561909090908,45.72122636363636,407.5720783945959,0.5188743353980686,88.54914618091378,28.461874278936413,0.7356924044114669,0.6025871987868503,,8.0,5.72,8.0,4
MATR_b4c26,579,579,94.23678181818181,48.20003818181818,46.03674363636363,430.2463710169165,0.588594135915078,88.13110580188919,31.367081374526066,0.87140169923414,0.6183210693830511,,8.0,5.72,8.0,4
MATR_b4c27,563,563,94.25263636363634,60.86392818181818,33.38870818181816,449.543737105997,0.6546889962413031,88.77072073652803,29.29851036100625,0.7824194327869153,0.6432052797217941,,8.0,5.45,8.0,4
MATR_b4c28,882,882,96.78836363636364,68.6925809090909,28.095782727272734,732.582052879588,0.9355675682069571,90.80403811306054,23.04921871021023,0.7494498307498042,0.6301737314771424,186.4858357527992,6.0,4.9585,6.0,4
MATR_b4c29,956,956,96.90307272727271,69.2103509090909,27.69272181818181,749.867093283752,1.1021138161143347,91.18762758136958,17.72784544157542,0.69967164223985,0.5890418038029197,54.363302009418376,5.2,4.84,5.2,4
MATR_b4c3,911,911,95.20013636363635,46.95299545454545,48.247140909090895,719.0329771863377,1.2443539966042219,85.7962548840317,22.578602527652745,1.514099392765831,0.6132671604033216,151.68960271060445,8.0,5.1850000000000005,8.0,4
MATR_b4c30,719,719,95.41032727272727,61.659926363636366,33.75040090909091,529.8198860837038,1.2564075661773668,87.79863551185005,11.860155313555536,0.9886582732891532,0.5165032518853655,100.54907636572247,6.0,4.98875,3.6,4
MATR_b4c31,832,832,95.60879999999999,23.376573636363634,72.23222636363636,489.94534041591214,1.075985937192986,90.67707734862327,28.266363929931636,1.6700030863348858,0.5218121050891019,174.62317875349441,8.0,5.45,8.0,4
MATR_b4c32,839,839,95.89476363636363,63.30525363636363,32.589510000000004,670.006562326377,0.8617378900029259,89.88688716345676,23.616317587922374,0.7864959919162959,0.6209839209975667,333.15104289230345,7.0,5.063000000000001,7.0,4
MATR_b4c33,530,530,96.73793636363635,72.72999909090908,24.007937272727276,433.5596697604633,0.8064180266968912,91.92368486067906,23.641896986964447,0.6976717157645068,0.6275035500788194,40397.966666836364,8.0,5.72,8.0,4
MATR_b4c34,997,997,95.47636363636364,65.40081727272728,30.075546363636363,776.2801228637808,0.9622195292512221,89.215917495664,15.647485921265151,0.6367697850885888,0.5788910486693637,50.466125854034004,5.2,4.84,5.2,4
MATR_b4c35,1131,1131,95.8001,64.59643090909091,31.203669090909088,1022.8731828793326,1.1462325931702722,86.13351668516752,34.98089636146455,1.4129211401981991,0.6360004809839298,59.471108261366396,5.2,4.84,4.8,4
MATR_b4c36,713,713,96.29059090909091,48.23194818181818,48.058642727272726,546.1068623616893,0.5256622484391091,89.89764668045508,31.218516616777933,0.7612013854644847,0.6385619926119954,152.6730705434708,8.0,5.72,8.0,4
MATR_b4c37,1005,1005,94.83651818181818,54.25964181818181,40.576876363636366,788.1577418196495,1.017395454965465,87.12303699294738,18.908220193624445,0.9338391628774229,0.6046401063959401,68.98973102038687,7.0,5.063000000000001,7.0,4
MATR_b4c38,1230,1230,96.13796363636362,71.09457272727272,25.043390909090903,956.3658836856958,2.3059441319436034,90.98900373269872,18.894919867372643,1.5719458036489036,0.5723008569994017,39.596572251391244,5.2,4.84,5.2,4
MATR_b4c39,761,761,95.33142727272727,75.52901727272727,19.802409999999995,619.9425826766306,1.183615440188219,90.70412241785775,17.240694049995152,0.6256379788686436,0.593121706908184,83.89935433647636,8.0,5.1850000000000005,8.0,4
MATR_b4c4,912,912,94.57486363636363,22.817332727272724,71.7575309090909,598.3058508963406,0.9458137754770238,88.78176721128636,34.84233575267683,1.6217314659069841,0.5750411306472206,199.174702810801,8.0,5.45,8.0,4
MATR_b4c40,1122,1122,96.23634545454546,76.23546272727272,20.00088272727274,728.9861813100475,5.4974519339947765,93.43247027001824,13.315376619860887,2.223623626226589,0.5552900287000793,31.167714725281428,5.6,4.8629999999999995,4.4,4
MATR_b4c41,997,997,96.03334545454544,39.390607272727266,56.642738181818174,779.2726624905267,1.0440366708377495,87.1579860245343,29.168961872340187,1.4732500570352256,0.6342508492801489,643.6659460091271,5.2,4.84,5.2,4
MATR_b4c42,915,915,95.42047272727271,48.28867,47.13180272727271,709.0949711661226,0.9596980984683698,87.87226651638525,24.622763843868043,1.1326277804553142,0.6199091561458436,,5.2,4.84,5.2,4
MATR_b4c43,951,951,94.68091818181819,41.273233636363635,53.40768454545455,683.8254712382457,0.9609470557558178,87.06251277152913,22.09883248273138,1.1296377238274662,0.5790465900079912,926.2901735227153,5.6,4.8629999999999995,4.4,4
MATR_b4c44,1077,1077,94.9113,58.59904363636363,36.312256363636365,848.537814442489,0.9860686703694641,88.29172053006857,23.067912433821572,0.8616328496965917,0.6137868577614919,188.36044784271294,6.0,4.9585,6.0,4
MATR_b4c5,1067,1067,94.2911909090909,55.14941454545453,39.14177636363637,828.9879444839938,0.87222359374487,87.66971188236514,23.4984278690771,0.8033697844395135,0.6175665273697449,97.57735473565471,5.6,4.8629999999999995,4.4,4
MATR_b4c6,777,777,94.22953636363637,67.05157363636363,27.177962727272742,616.1883356694558,1.025529657372205,88.53565701377806,18.722648304924686,0.744678537658269,0.5940903942261502,106.36791013318891,8.0,5.1850000000000005,8.0,4
MATR_b4c7,562,562,95.64009999999999,69.3585009090909,26.281599090909083,470.0701816599131,0.7601529569313487,90.75446051025177,34.602906840089005,0.7921560162576382,0.6670307633824714,,8.0,5.45,8.0,4
MATR_b4c8,718,718,95.39308181818181,72.36279181818182,23.030289999999994,556.18856521513,1.308372081993413,90.35254309019034,14.07316225915741,0.7383962502669397,0.5610577020474563,7269.90390072066,5.6,4.8629999999999995,4.4,4
MATR_b4c9,529,529,96.19180909090909,59.45433272727273,36.73747636363636,376.4332824378224,0.5878739293936739,91.38672382835577,23.23936407043804,0.6493527648112302,0.582553623086137,,8.0,5.72,8.0,4
