cellule,T,C,troncature,loi,cycles_vus,n_points_vus,n_points_sous_SOHk,rmse_ajustement,n70_vrai,n70_pred,err_n70,ape_n70,sens,rmse_pire_note,rmse_zone_basse_note,biais_zone_basse_note,ecart_grilles_note,rmse_pire_tout,rmse_zone_basse_tout,cond_jacobien,corr_max_parametres,n_parametres,violation_monotonie
102Ah_25degC_0p5C_cell3,25.0,0.5,95,L0 baseline s0-b*n^0.8,693,680,0,0.3630462305323044,,5182.491588170388,,,-,0.6809827821273825,,,0.12225365646248054,0.6809827821273825,,68328.23850706288,0.8957499520215537,2,0.0
102Ah_25degC_0p5C_cell3,25.0,0.5,95,L1 puissance p libre,693,680,0,0.05726335349885414,,,,,-,0.18752123887679725,,,0.08007144514317144,0.18752123887679725,,518460.5615424303,0.9976604024646144,3,0.0
102Ah_25degC_0p5C_cell3,25.0,0.5,95,L2 double exponentielle,693,680,0,0.05957506195071001,,4568.922815407187,,,-,0.2694577921133133,,,0.11583498155457059,0.2694577921133133,,9.49108581962988e+17,0.9981576246090655,5,0.0
102Ah_25degC_0p5C_cell3,25.0,0.5,95,L3 sqrt+lineaire+knee,693,680,0,0.14771622855710376,,1736.7134619650021,,,-,0.2524696004574767,,,0.08179273661421285,0.2524696004574767,,inf,0.9805343599865362,6,0.0
102Ah_25degC_0p5C_cell3,25.0,0.5,95,L4 puissance p libre+knee,693,680,0,0.0572489705850489,,2698.3258390409096,,,-,0.20625285918857297,,,0.1180178143205722,0.20625285918857297,,3.3266856640892006e+18,0.9999993727744937,6,0.0
102Ah_25degC_0p5C_cell3,25.0,0.5,95,L5 calendaire (p fixe),693,680,0,0.13990876708061248,,2052.2594276386994,,,-,0.3919443505505017,,,0.178465038677835,0.3919443505505017,,inf,0.9911945575870809,6,0.0
102Ah_25degC_0p5C_cell3,25.0,0.5,90,L0 baseline s0-b*n^0.8,1375,988,0,0.3967654595600486,,6100.581784919143,,,-,0.6476038638758564,,,0.25083840431580784,0.6476038638758564,,123811.9071610482,0.8945598720031867,2,0.0
102Ah_25degC_0p5C_cell3,25.0,0.5,90,L1 puissance p libre,1375,988,0,0.0748039974630216,,,,,-,0.16883423166704842,,,0.09403023420402681,0.16883423166704842,,496665.3279633921,0.9977965479153957,3,0.0
102Ah_25degC_0p5C_cell3,25.0,0.5,90,L2 double exponentielle,1375,988,0,0.10301602563442924,,5193.218642211087,,,-,0.19326960786798264,,,0.0902535822335534,0.19326960786798264,,2.1822484939742726e+17,0.9946761635992872,5,0.0
102Ah_25degC_0p5C_cell3,25.0,0.5,90,L3 sqrt+lineaire+knee,1375,988,0,0.14623852440785054,,,,,-,0.24382076593049165,,,0.09758224152264111,0.24382076593049165,,inf,0.9794026758047224,6,0.0
102Ah_25degC_0p5C_cell3,25.0,0.5,90,L4 puissance p libre+knee,1375,988,0,0.07480399746462389,,,,,-,0.168834020590341,,,0.09403002312571711,0.168834020590341,,inf,0.9977965484097752,6,0.0
102Ah_25degC_0p5C_cell3,25.0,0.5,90,L5 calendaire (p fixe),1375,988,0,0.1366783916555971,,,,,-,0.2279663565620599,,,0.09128796490646282,0.2279663565620599,,inf,0.9906116636831743,6,0.0
102Ah_25degC_0p5C_cell3,25.0,0.5,85,L0 baseline s0-b*n^0.8,1375,988,0,0.3967654595600486,,6100.581784919143,,,-,0.6476038638758564,,,0.25083840431580784,0.6476038638758564,,123811.9071610482,0.8945598720031867,2,0.0
102Ah_25degC_0p5C_cell3,25.0,0.5,85,L1 puissance p libre,1375,988,0,0.0748039974630216,,,,,-,0.16883423166704842,,,0.09403023420402681,0.16883423166704842,,496665.3279633921,0.9977965479153957,3,0.0
102Ah_25degC_0p5C_cell3,25.0,0.5,85,L2 double exponentielle,1375,988,0,0.10301602563442924,,5193.218642211087,,,-,0.19326960786798264,,,0.0902535822335534,0.19326960786798264,,2.1822484939742726e+17,0.9946761635992872,5,0.0
102Ah_25degC_0p5C_cell3,25.0,0.5,85,L3 sqrt+lineaire+knee,1375,988,0,0.14623852440785054,,,,,-,0.24382076593049165,,,0.09758224152264111,0.24382076593049165,,inf,0.9794026758047224,6,0.0
102Ah_25degC_0p5C_cell3,25.0,0.5,85,L4 puissance p libre+knee,1375,988,0,0.07480399746462389,,,,,-,0.168834020590341,,,0.09403002312571711,0.168834020590341,,inf,0.9977965484097752,6,0.0
102Ah_25degC_0p5C_cell3,25.0,0.5,85,L5 calendaire (p fixe),1375,988,0,0.1366783916555971,,,,,-,0.2279663565620599,,,0.09128796490646282,0.2279663565620599,,inf,0.9906116636831743,6,0.0
102Ah_25degC_0p5C_cell3,25.0,0.5,80,L0 baseline s0-b*n^0.8,1375,988,0,0.3967654595600486,,6100.581784919143,,,-,0.6476038638758564,,,0.25083840431580784,0.6476038638758564,,123811.9071610482,0.8945598720031867,2,0.0
102Ah_25degC_0p5C_cell3,25.0,0.5,80,L1 puissance p libre,1375,988,0,0.0748039974630216,,,,,-,0.16883423166704842,,,0.09403023420402681,0.16883423166704842,,496665.3279633921,0.9977965479153957,3,0.0
102Ah_25degC_0p5C_cell3,25.0,0.5,80,L2 double exponentielle,1375,988,0,0.10301602563442924,,5193.218642211087,,,-,0.19326960786798264,,,0.0902535822335534,0.19326960786798264,,2.1822484939742726e+17,0.9946761635992872,5,0.0
102Ah_25degC_0p5C_cell3,25.0,0.5,80,L3 sqrt+lineaire+knee,1375,988,0,0.14623852440785054,,,,,-,0.24382076593049165,,,0.09758224152264111,0.24382076593049165,,inf,0.9794026758047224,6,0.0
102Ah_25degC_0p5C_cell3,25.0,0.5,80,L4 puissance p libre+knee,1375,988,0,0.07480399746462389,,,,,-,0.168834020590341,,,0.09403002312571711,0.168834020590341,,inf,0.9977965484097752,6,0.0
102Ah_25degC_0p5C_cell3,25.0,0.5,80,L5 calendaire (p fixe),1375,988,0,0.1366783916555971,,,,,-,0.2279663565620599,,,0.09128796490646282,0.2279663565620599,,inf,0.9906116636831743,6,0.0
102Ah_25degC_1C_cell3,25.0,1.0,95,L0 baseline s0-b*n^0.8,741,731,0,0.4081250571948396,5141.96,5039.738485081416,-102.22151491858403,1.9879873612121453,pessimiste,4.725261018916933,4.953684541525529,-5.27553664738123,0.6812809760259695,4.636710829412423,4.512171278536205,76056.50108872462,0.8960861474170723,2,0.0
102Ah_25degC_1C_cell3,25.0,1.0,95,L1 puissance p libre,741,731,0,0.06314796233481298,5141.96,,,,-,6.808689829906823,10.568980843459222,9.570450691005341,1.452054895993447,8.685011992282522,12.173729786278852,714896.1188363035,0.9976239862129456,3,0.0
102Ah_25degC_1C_cell3,25.0,1.0,95,L2 double exponentielle,741,731,0,0.07305065714651672,5141.96,4403.440503667172,-738.5194963328277,14.36260679454581,pessimiste,6.1835221275644106,8.898230274081095,-9.425017062489566,0.21047302804727774,6.141062075925236,8.32719122604047,5.481851365793569e+17,0.996931453061672,5,0.0
102Ah_25degC_1C_cell3,25.0,1.0,95,L3 sqrt+lineaire+knee,741,731,0,0.17325056878870182,5141.96,8715.757729613073,3573.797729613073,69.50263575782529,optimiste,4.364273843089896,6.765847337507219,5.6539096400356925,1.2754285840709967,6.048882639919785,8.357283101298533,7.680110637318177e+29,0.9999807263154962,6,0.0
102Ah_25degC_1C_cell3,25.0,1.0,95,L4 puissance p libre+knee,741,731,0,0.06297378460394304,5141.96,,,,-,5.937060496442693,9.216959072318149,8.201428936190297,1.3847264851823091,7.730044742100012,10.797494811605366,1.6253100128681935e+22,0.9975586947149068,6,0.0
102Ah_25degC_1C_cell3,25.0,1.0,95,L5 calendaire (p fixe),741,731,0,0.1656289617347164,5141.96,2182.9435544887524,-2959.0164455112476,57.546469546850766,pessimiste,49.48403496200075,56.2825266806342,-56.882,4.8458857674361795,49.432382958199035,54.89594955570772,inf,0.9911338344515008,6,0.0
102Ah_25degC_1C_cell3,25.0,1.0,90,L0 baseline s0-b*n^0.8,1886,1371,0,0.49760704507067327,5141.96,7086.125922902877,1944.1659229028774,37.80982199205901,optimiste,2.2435875333755213,3.010649694165042,1.5431326254852848,0.7228206221564906,3.535789995036226,4.517391674053609,222713.10396324925,0.8578274078887712,2,0.0
102Ah_25degC_1C_cell3,25.0,1.0,90,L1 puissance p libre,1886,1371,0,0.13949872887437917,5141.96,,,,-,4.947356400238928,7.697961521841678,6.624747695039069,1.3360744206988913,6.683797289766476,9.290995431642092,353858.3853091644,0.9979654222005905,3,0.0
102Ah_25degC_1C_cell3,25.0,1.0,90,L2 double exponentielle,1886,1371,0,0.1073574788905216,5141.96,5809.411363092841,667.4513630928413,12.980485322578186,optimiste,1.4282963959363413,1.6764579420984744,-0.7730511858401812,0.0701058619928081,2.207319897012557,2.698171195274192,1.524736803319426e+17,0.9920585059663276,5,0.0
102Ah_25degC_1C_cell3,25.0,1.0,90,L3 sqrt+lineaire+knee,1886,1371,0,0.1482859085423105,5141.96,8440.77194760608,3298.8119476060792,64.15475708885482,optimiste,3.1053315171241023,4.666642812814452,3.4476949479823347,1.052346926336047,4.612075415347065,6.21642506293556,5.730259568912935e+24,0.9999498264985336,6,0.0
102Ah_25degC_1C_cell3,25.0,1.0,90,L4 puissance p libre+knee,1886,1371,0,0.13949872887573933,5141.96,,,,-,4.946248838606808,7.6961417557149225,6.623058914077731,1.3358012636682757,6.682365300437348,9.288927472661914,inf,0.9979654212986879,6,0.0
102Ah_25degC_1C_cell3,25.0,1.0,90,L5 calendaire (p fixe),1886,1371,0,0.1406323212028688,5141.96,3119.359971814656,-2022.600028185344,39.33519568774055,pessimiste,38.650154356628605,56.2825266806342,-56.882,0.48362163929751034,39.34777750611404,54.89594955570772,201656054476006.47,0.9892923538298982,6,0.0
102Ah_25degC_1C_cell3,25.0,1.0,85,L0 baseline s0-b*n^0.8,3332,2291,0,0.4617070883222343,5141.96,7857.546545498718,2715.586545498718,52.8122845276649,optimiste,2.9920517871385237,4.3662376228798445,3.153055564684827,1.050428613621183,4.434094751881646,5.882913467855244,674254.8156472109,0.8642196627165059,2,0.0
102Ah_25degC_1C_cell3,25.0,1.0,85,L1 puissance p libre,3332,2291,0,0.21978813640707662,5141.96,10468.08297998072,5326.12297998072,103.58157161822963,optimiste,3.887396515062026,5.9761736204950315,4.833015245784395,1.2039409940441095,5.510344737660194,7.553659348142973,594752.8085422014,0.9987858480468113,3,0.0
102Ah_25degC_1C_cell3,25.0,1.0,85,L2 double exponentielle,3332,2291,0,0.17059913602788188,5141.96,6753.491838461806,1611.5318384618058,31.340808533357045,optimiste,2.423649177001697,3.526271814219164,2.3151065536438082,0.8837376234599734,3.7424103595612097,4.953417583105464,9.385673032041226e+16,0.9872300497567127,5,0.0
102Ah_25degC_1C_cell3,25.0,1.0,85,L3 sqrt+lineaire+knee,3332,2291,0,0.1262027678833815,5141.96,5584.108212610919,442.14821261091856,8.59882637381307,optimiste,1.4353814718546312,1.9374271879828404,0.9408930925918213,0.588792942051822,2.315227972721466,2.974726955127855,1.6923210820002562e+16,1.0000000000126392,6,0.0
102Ah_25degC_1C_cell3,25.0,1.0,85,L4 puissance p libre+knee,3332,2291,0,0.07077544732217526,5141.96,6066.571359409834,924.6113594098342,17.981691016846383,optimiste,2.1080285345118814,3.022273572800738,1.9145638578447546,0.7903679020874923,3.2723662795460995,4.306449172329924,7826229529184.176,0.9976076744085647,6,0.0
102Ah_25degC_1C_cell3,25.0,1.0,85,L5 calendaire (p fixe),3332,2291,0,0.11952338495230735,5141.96,5185.022638306408,43.06263830640819,0.8374751710711127,optimiste,0.5042943523789081,0.7416322891736761,-0.7572678000363666,0.130022632991382,0.6321198275653125,0.850592395301955,252477997222510.78,0.9907699486554885,6,0.0
102Ah_25degC_1C_cell3,25.0,1.0,80,L0 baseline s0-b*n^0.8,4329,3243,59,0.4732333837927981,5141.96,7680.794034664305,2538.8340346643054,49.37483050557191,optimiste,2.822460380148578,4.083127655739397,2.836224977092151,1.0058818852619829,4.241168136870202,5.599355571005543,1288881.9194486544,0.8847877531075236,2,0.0
102Ah_25degC_1C_cell3,25.0,1.0,80,L1 puissance p libre,4329,3243,59,0.46107052468451654,5141.96,8018.21611401156,2876.2561140115604,55.936960108821545,optimiste,2.9399982011306585,4.324293812682048,3.0861725920899303,1.0242982555386966,4.398660185227,5.85805057464658,3155650.5945899594,0.9991314572927887,3,0.0
102Ah_25degC_1C_cell3,25.0,1.0,80,L2 double exponentielle,4329,3243,59,0.20242761637187168,5141.96,6132.08400382159,990.1240038215901,19.255770247562996,optimiste,1.9312964116057347,2.7053862767327947,1.4965123249822483,0.7471964415595647,3.092499070403171,4.020977616436994,114445738331434.05,0.9991340255582041,5,0.0
102Ah_25degC_1C_cell3,25.0,1.0,80,L3 sqrt+lineaire+knee,4329,3243,59,0.11658285540445062,5141.96,5296.233388152367,154.27338815236726,3.000283708009538,optimiste,0.7429792106193478,0.8253469406735768,0.01304062295125874,0.37089934591166623,1.1968501817732118,1.4533947838239076,1.426455615207905e+16,1.0000000000204947,6,0.0
102Ah_25degC_1C_cell3,25.0,1.0,80,L4 puissance p libre+knee,4329,3243,59,0.09712030928296116,5141.96,5517.93322205703,375.9732220570304,7.311865943279029,optimiste,1.2467444155171996,1.6263358487098691,0.6266780446610838,0.5380024068188818,2.05274175348518,2.6082081648453155,5109195587807.396,0.9970434688901043,6,0.0
102Ah_25degC_1C_cell3,25.0,1.0,80,L5 calendaire (p fixe),4329,3243,59,0.11357642889294119,5141.96,5335.153735218202,193.19373521820216,3.7572002741795374,optimiste,0.8461723458761637,0.9913693777457687,0.14332803544609618,0.4053919982244195,1.384962210571978,1.706747929565305,526576600750091.0,0.9863586495745718,6,0.0
102Ah_35degC_1C_cell1,35.0,1.0,95,L0 baseline s0-b*n^0.8,778,778,0,0.37233382761504746,5108.240070350285,5394.51455297369,286.27448262340477,5.604170490831574,optimiste,3.480131249700833,4.551723188153238,-4.664388837098862,0.21550989471507753,4.247451383635574,4.259418663770038,82576.77384242356,0.8960930365111128,2,0.0
102Ah_35degC_1C_cell1,35.0,1.0,95,L1 puissance p libre,778,778,0,0.06630348499053709,5108.240070350285,,,,-,4.661480569070361,8.692970827141114,8.480759297263653,0.28871634457981177,6.978611403071229,9.605276921925284,419574.40937825176,0.9976079888956099,3,0.0
102Ah_35degC_1C_cell1,35.0,1.0,95,L2 double exponentielle,778,778,0,0.06679253836537563,5108.240070350285,4806.344955476479,-301.89511487380605,5.909963328193859,pessimiste,4.059405397019089,7.097756416399495,-7.171175832031182,0.026557845150703585,4.552151247550266,7.058899836108216,1.0349077972221225e+18,0.9987303618975122,5,0.0
102Ah_35degC_1C_cell1,35.0,1.0,95,L3 sqrt+lineaire+knee,778,778,0,0.14139121752401815,5108.240070350285,1947.7577229934311,-3160.482347356854,61.87027829215026,pessimiste,64.27126532275561,77.1740983313563,-77.289,4.631708848020573,64.70892782693194,76.2161638307983,inf,0.9800723066873694,6,0.0
102Ah_35degC_1C_cell1,35.0,1.0,95,L4 puissance p libre+knee,778,778,0,0.06630348499168146,5108.240070350285,4280.380765931694,-827.8593044185909,16.20635077869045,pessimiste,27.571215881133604,59.65719546695523,-66.75296469091664,4.361737081793226,28.986696549588785,63.226784447396184,inf,0.9976079893779709,6,0.0
102Ah_35degC_1C_cell1,35.0,1.0,95,L5 calendaire (p fixe),778,778,0,0.13418669627998916,5108.240070350285,2991.2604583754332,-2116.979611974852,41.44244559417673,pessimiste,35.16656990672732,57.67887151257955,-57.789,0.1507739143394886,36.229322239002734,56.72759150523811,inf,0.9910187047637521,6,0.0
102Ah_35degC_1C_cell1,35.0,1.0,90,L0 baseline s0-b*n^0.8,1913,1912,0,0.40572853734808056,5108.240070350285,7441.710995661668,2333.4709253113824,45.680525840113276,optimiste,0.9369315557867349,1.70588851202093,1.4254180622589914,0.2224122608016048,4.0318517395030335,2.4680333956343374,347308.2304625042,0.895871409450031,2,0.0
102Ah_35degC_1C_cell1,35.0,1.0,90,L1 puissance p libre,1913,1912,0,0.11552567863291936,5108.240070350285,,,,-,3.329296707935938,6.41476603007846,6.193048062966589,0.28095189080134864,5.842874269587732,7.282206533590101,445484.8780902394,0.9982055254065852,3,0.0
102Ah_35degC_1C_cell1,35.0,1.0,90,L2 double exponentielle,1913,1912,0,0.0943383873075677,5108.240070350285,6116.4590407814985,1008.2189704312132,19.737110169962648,optimiste,0.4054516374900506,0.5206980794549491,-0.483101305771946,0.013696796879525241,3.504787488826171,0.9427749967784912,1.7973885871433715e+17,0.9912857507311621,5,0.0
102Ah_35degC_1C_cell1,35.0,1.0,90,L3 sqrt+lineaire+knee,1913,1912,0,0.11263325000809585,5108.240070350285,6179.750101241824,1071.510030891539,20.976109504149886,optimiste,1.2917856642955392,2.3314521377252304,2.2135910407005497,0.08971870402274229,4.132900307392404,2.7666232342782187,1.0006643493362772e+18,0.9999999997773609,6,0.0
102Ah_35degC_1C_cell1,35.0,1.0,90,L4 puissance p libre+knee,1913,1912,0,0.11552567863353223,5108.240070350285,4717.701501611992,-390.5385687382932,7.645266537199238,pessimiste,15.951323492802343,30.831169579638814,-8.455274657247173,3.9192017427777817,19.624267921306746,45.016397893710234,inf,0.9982055258315428,6,0.0
102Ah_35degC_1C_cell1,35.0,1.0,90,L5 calendaire (p fixe),1913,1912,0,0.10575756016738232,5108.240070350285,4610.911301278902,-497.32876907138325,9.735814335704863,pessimiste,5.571704513543725,11.585167871902696,-10.349462016470184,0.9466176062536418,6.702070609718757,15.206612652913034,1148673468997896.8,0.9999999999996647,6,0.0
102Ah_35degC_1C_cell1,35.0,1.0,85,L0 baseline s0-b*n^0.8,3152,3151,0,0.321560951590643,5108.240070350285,7455.639419112482,2347.3993487621965,45.95319163614073,optimiste,0.9489609151890593,1.730102994930819,1.4511806870186064,0.22515670231048646,4.039478483584813,2.491728742341916,772077.7881741441,0.8958741789217862,2,0.0
102Ah_35degC_1C_cell1,35.0,1.0,85,L1 puissance p libre,3152,3151,0,0.26725037867204593,5108.240070350285,8441.916267247798,3333.6761968975125,65.26075812777754,optimiste,1.348687621508691,2.7245757007702567,2.468215268988075,0.2171019046218603,4.339155653040317,3.51288760599451,1228172.86014989,0.9987791737737524,3,0.0
102Ah_35degC_1C_cell1,35.0,1.0,85,L2 double exponentielle,3152,3151,0,0.15359783838600308,5108.240070350285,6130.331559504884,1022.091489154599,20.008681563090896,optimiste,0.4028685258911941,0.5091739956420333,-0.45838559179912863,0.015844717657253038,3.511062738817504,0.949904118326001,3.3982646397621084e+16,0.9704856537347085,5,0.0
102Ah_35degC_1C_cell1,35.0,1.0,85,L3 sqrt+lineaire+knee,3152,3151,0,0.12666742868051556,5108.240070350285,7650.485687580892,2542.2456172306065,49.767543855006764,optimiste,0.9379035080888318,1.9285579915120032,1.6528553312892953,0.17171490887360852,4.068078419404212,2.7001758348364686,8.181303076588122e+20,0.9797106218363012,6,0.0
102Ah_35degC_1C_cell1,35.0,1.0,85,L4 puissance p libre+knee,3152,3151,0,0.26725037870807794,5108.240070350285,8440.929516958317,3332.689446608031,65.24144129309686,optimiste,1.3486777213840997,2.724555586854585,2.4681986408302095,0.2171006102581623,4.339144388225096,3.512845341467295,inf,0.9987791772370194,6,0.0
102Ah_35degC_1C_cell1,35.0,1.0,85,L5 calendaire (p fixe),3152,3151,0,0.12235489325735925,5108.240070350285,7855.513964379815,2747.2738940295294,53.781221246344856,optimiste,0.9976863348870462,2.0563885213640667,1.7803547570061653,0.17959699427786924,4.1100716275826406,2.838182362960636,1.1623410365276996e+21,0.9975395783116316,6,0.0
102Ah_35degC_1C_cell1,35.0,1.0,80,L0 baseline s0-b*n^0.8,4344,4343,80,0.2948569738731296,5108.240070350285,7400.6189453206225,2292.378874970337,44.87609907521717,optimiste,0.9017336736779155,1.6303691868727335,1.3444479834240255,0.2150146609158483,4.008939672793969,2.394673107029609,1289679.0849396377,0.8958719839954113,2,0.0
102Ah_35degC_1C_cell1,35.0,1.0,80,L1 puissance p libre,4344,4343,80,0.28972898074934517,5108.240070350285,7539.9110438287635,2431.670973478478,47.60291098283742,optimiste,0.930148572710339,1.756508226339071,1.472810994913985,0.200117861312628,4.0409009567506065,2.5278953312745407,4892169.845108862,0.9989874418020693,3,0.0
102Ah_35degC_1C_cell1,35.0,1.0,80,L2 double exponentielle,4344,4343,80,0.1952602361158136,5108.240070350285,6439.991297424352,1331.7512270740663,26.070646812469494,optimiste,0.44081344049345084,0.7691250993906902,0.48707020780015853,0.09308015529826036,3.7065689003609905,1.4498215246384782,2.915803479361499e+16,0.9771041912306927,5,0.0
102Ah_35degC_1C_cell1,35.0,1.0,80,L3 sqrt+lineaire+knee,4344,4343,80,0.1323800604696457,5108.240070350285,6498.532079259778,1390.2920089094923,27.216653676461927,optimiste,0.5393578357568848,1.061080831755639,0.8065356336625271,0.11118172917717334,3.785601193554927,1.7336475122809212,1.0892476929761254e+16,0.9999999448508323,6,0.0
102Ah_35degC_1C_cell1,35.0,1.0,80,L4 puissance p libre+knee,4344,4343,80,0.12022830818901133,5108.240070350285,6487.6708715644745,1379.4308012141892,27.004032351979845,optimiste,0.5385772420429428,1.035020850262411,0.7811317164848006,0.12318269706710172,3.778882843404859,1.7051818286068121,19977051012802.97,0.9978672541433797,6,0.0
102Ah_35degC_1C_cell1,35.0,1.0,80,L5 calendaire (p fixe),4344,4343,80,0.1295767892399668,5108.240070350285,6482.745783180334,1374.5057128300487,26.907617768555564,optimiste,0.5341870013878329,1.0511529642347897,0.7980817308065511,0.11042619768965944,3.7818200938867323,1.7210098858533733,366322263788920.8,0.9907466072963663,6,0.0
102Ah_45degC_0p5C_cell3,45.0,0.5,95,L0 baseline s0-b*n^0.8,493,493,0,0.4454348212061942,3544.214285714286,3585.861346026859,41.6470603125731,1.175071735375609,optimiste,3.6478110465061606,3.0157414397099718,-2.946740707283155,0.3775617346616915,4.771400561883914,3.58658922218321,39899.0345107375,0.896257871310048,2,0.0
102Ah_45degC_0p5C_cell3,45.0,0.5,95,L1 puissance p libre,493,493,0,0.06372505882406389,3544.214285714286,,,,-,7.899284448785163,12.88779079410892,12.325096696096644,1.3909310774789967,14.675746427931303,19.13935494726014,1392515.83143783,0.9973891601954575,3,0.0
102Ah_45degC_0p5C_cell3,45.0,0.5,95,L2 double exponentielle,493,493,0,0.08383205576796045,3544.214285714286,3362.7553275891014,-181.45895812518438,5.11986419265318,pessimiste,3.0881425512142413,3.8132154608903948,-3.9797088685103645,0.09154706153596814,3.577015431724388,2.899402941481432,4.886320162927058e+17,0.9977142331177871,5,0.0
102Ah_45degC_0p5C_cell3,45.0,0.5,95,L3 sqrt+lineaire+knee,493,493,0,0.22190564553796874,3544.214285714286,1234.7248797248756,-2309.4894059894104,65.16223963371239,pessimiste,65.82573007149581,74.86870065146718,-75.1185,2.8536985221708164,65.39512390676313,68.93404258925862,inf,0.9802182907084945,6,0.0
102Ah_45degC_0p5C_cell3,45.0,0.5,95,L4 puissance p libre+knee,493,493,0,0.06372505882406841,3544.214285714286,1238.5463153809276,-2305.6679703333584,65.0544178332232,pessimiste,65.79592716407693,74.86870065146718,-75.1185,2.847911407167068,65.37078200128919,68.93404258925862,inf,0.9973891601909023,6,0.0
102Ah_45degC_0p5C_cell3,45.0,0.5,95,L5 calendaire (p fixe),493,493,0,0.21344803259691936,3544.214285714286,1456.5702159846035,-2087.644069729682,58.90287385117706,pessimiste,45.770986778337196,55.387711657324296,-55.6185,1.276092862976661,45.4508473170579,49.55374536915035,inf,0.991002113930672,6,0.0
102Ah_45degC_0p5C_cell3,45.0,0.5,90,L0 baseline s0-b*n^0.8,1409,1378,0,0.44842288906932015,3544.214285714286,5488.447059357958,1944.2327736436723,54.856524377781525,optimiste,3.332244126926006,5.467313411436249,4.820619482051882,0.8526419517209476,8.580797662897115,10.335941378232937,206668.30523456782,0.8942901770569138,2,0.0
102Ah_45degC_0p5C_cell3,45.0,0.5,90,L1 puissance p libre,1409,1378,0,0.1825011604984448,3544.214285714286,,,,-,5.903380505970252,9.802180129773229,9.205684621861373,1.1941323232167207,12.213461765660979,15.682280268745458,463627.6130184872,0.9980014494490838,3,0.0
102Ah_45degC_0p5C_cell3,45.0,0.5,90,L2 double exponentielle,1409,1378,0,0.0923343918637152,3544.214285714286,4401.861668255226,857.6473825409398,24.198519429196793,optimiste,2.1780663736983543,3.6161949028298177,2.9974202102634777,0.5700686707860549,6.613053715349071,7.387044148751063,4.897921882595382e+16,0.9794272158789311,5,0.0
102Ah_45degC_0p5C_cell3,45.0,0.5,90,L3 sqrt+lineaire+knee,1409,1378,0,0.17723004996655928,3544.214285714286,4543.968609292704,999.7543235784183,28.20806652713246,optimiste,3.1590842506403347,5.2599487799973135,4.730254495158128,0.7429695333279307,7.665788850884637,8.970870244234872,8.331763587367834e+17,0.9999990824122758,6,0.0
102Ah_45degC_0p5C_cell3,45.0,0.5,90,L4 puissance p libre+knee,1409,1378,0,0.18250116050967743,3544.214285714286,3476.283143004806,-67.9311427094799,1.9166770751782958,pessimiste,3.7928413978037483,6.032877638742025,6.402964092315699,0.56336707256223,28.816086385063475,42.299101536146665,inf,0.9980014465332477,6,0.0
102Ah_45degC_0p5C_cell3,45.0,0.5,90,L5 calendaire (p fixe),1409,1378,0,0.1671719147779009,3544.214285714286,4605.485876467341,1061.271590753055,29.94377611508247,optimiste,3.1984930783207823,5.331089212736062,4.790986103087668,0.7524182144109686,7.801947459578485,9.176328056950105,5.3746372771261656e+16,0.9999973314133864,6,0.0
102Ah_45degC_0p5C_cell3,45.0,0.5,85,L0 baseline s0-b*n^0.8,2234,2178,0,0.36752358206347363,3544.214285714286,5486.5669938638175,1942.3527081495317,54.803478333084996,optimiste,3.3317507249056253,5.468168537115196,4.821841393615401,0.8515366757973095,8.579683244556666,10.33467232566533,435264.75530381285,0.8935878512152396,2,0.0
102Ah_45degC_0p5C_cell3,45.0,0.5,85,L1 puissance p libre,2234,2178,0,0.33388330223889323,3544.214285714286,6171.81018028048,2627.5958945661946,74.13761366397293,optimiste,3.763570003366383,6.268000225366055,5.625029622640582,0.904950126736098,9.301352935927863,11.431309749517208,854562.6533809021,0.998695800899526,3,0.0
102Ah_45degC_0p5C_cell3,45.0,0.5,85,L2 double exponentielle,2234,2178,0,0.07642432362822683,3544.214285714286,4430.803784666122,886.589498951836,25.015121194150836,optimiste,2.2500195071059927,3.7401629375003407,3.1273946876429477,0.5847192801627397,6.713904659686218,7.541453371881878,1.2215941603133218e+16,0.9546580094230914,5,0.0
102Ah_45degC_0p5C_cell3,45.0,0.5,85,L3 sqrt+lineaire+knee,2234,2178,0,0.14300867848415721,3544.214285714286,3756.90056602218,212.68628030789432,6.000943034544268,optimiste,1.1113002138372274,1.7415896670843152,1.39669652816049,0.3317291008205636,3.142991079722038,2.8572158913597225,596644369112173.8,0.9850609575353162,6,0.0
102Ah_45degC_0p5C_cell3,45.0,0.5,85,L4 puissance p libre+knee,2234,2178,0,0.06435919049279426,3544.214285714286,3700.8793101760416,156.66502446175582,4.420303396812876,optimiste,0.7833615203760695,1.2139962307414707,0.865788052631224,0.23954956052346477,2.7319204603469665,2.4126400985993808,1022265956598.4727,0.9975369903049898,6,0.0
102Ah_45degC_0p5C_cell3,45.0,0.5,85,L5 calendaire (p fixe),2234,2178,0,0.1350858979311054,3544.214285714286,3733.663810934353,189.44952522006724,5.345318029547031,optimiste,1.020610426738024,1.5866255457665823,1.260367272569873,0.3099517916234612,2.9023996999211623,2.7143423119977093,25279093463264.547,0.9906320044198199,6,0.0
102Ah_45degC_0p5C_cell3,45.0,0.5,80,L0 baseline s0-b*n^0.8,2859,2803,38,0.4886956460385607,3544.214285714286,5180.252441436495,1636.0381557222095,46.16081376108131,optimiste,2.881400999502267,4.7113679100905,4.030437728363033,0.7518119131714265,7.99606931864412,9.464516384533235,656523.8044308556,0.8946071735999458,2,0.0
102Ah_45degC_0p5C_cell3,45.0,0.5,80,L1 puissance p libre,2859,2803,38,0.46221771386515925,3544.214285714286,4872.95126285411,1328.736977139824,37.49031153380265,optimiste,2.6711505143405923,4.254346782116802,3.5776326849623103,0.7442176368081057,7.540580072437953,8.74996509293211,10714868.352243824,0.9990541004796747,3,0.0
102Ah_45degC_0p5C_cell3,45.0,0.5,80,L2 double exponentielle,2859,2803,38,0.11764952847143204,3544.214285714286,4093.3671799572235,549.1528942429377,15.494347970336216,optimiste,1.6699451536269578,2.730100288221552,2.1446917666336205,0.45777785693146744,5.541468136507781,5.747035606573329,93280568643818.97,0.9991383975084311,5,0.0
102Ah_45degC_0p5C_cell3,45.0,0.5,80,L3 sqrt+lineaire+knee,2859,2803,38,0.1302059500601056,3544.214285714286,3683.9902010061223,139.77591529183655,3.943777210515552,optimiste,0.8621100017832344,1.292879980315967,1.0262868506095373,0.27845630300796975,2.27876638365242,2.800226766043949,105347357411311.72,0.9799882294191837,6,0.0
102Ah_45degC_0p5C_cell3,45.0,0.5,80,L4 puissance p libre+knee,2859,2803,38,0.06818549871454116,3544.214285714286,3753.218491006683,209.00420529239727,5.89705329428961,optimiste,1.0070017763614276,1.6100011047504406,1.2458600033091898,0.2922583962293287,3.2271793455862086,2.773594535646315,363201273667.64233,0.9975188895836571,6,0.0
102Ah_45degC_0p5C_cell3,45.0,0.5,80,L5 calendaire (p fixe),2859,2803,38,0.12352289027891487,3544.214285714286,3690.6028016407063,146.3885159264205,4.1303517260925995,optimiste,0.8757288546241222,1.3272102628222742,1.0506209357914997,0.27832968706954087,2.3791707128936226,2.7265489853355,4210644507530.394,0.9906210900640536,6,0.0
102Ah_45degC_1C_cell1,45.0,1.0,95,L0 baseline s0-b*n^0.8,485,485,0,0.41320500105168473,,3479.652544161765,,,-,3.985145705907509,,,0.5637370670303006,3.985145705907509,,38872.693508630844,0.8962652804177061,2,0.0
102Ah_45degC_1C_cell1,45.0,1.0,95,L1 puissance p libre,485,485,0,0.055898710201656356,,,,,-,1.5943926977314844,,,0.1563023261262768,1.5943926977314844,,836733.9146501938,0.9973516496906497,3,0.0
102Ah_45degC_1C_cell1,45.0,1.0,95,L2 double exponentielle,485,485,0,0.08463570335019625,,3065.860967435329,,,-,3.640677263165697,,,0.5011818110199564,3.640677263165697,,2.8782119082637203e+17,0.9967179489966663,5,0.0
102Ah_45degC_1C_cell1,45.0,1.0,95,L3 sqrt+lineaire+knee,485,485,0,0.18859311865340125,,1214.3846433874203,,,-,59.637244369908345,,,9.227256344084296,59.637244369908345,,inf,0.980224706033194,6,0.0
102Ah_45degC_1C_cell1,45.0,1.0,95,L4 puissance p libre+knee,485,485,0,0.05589871020168598,,2680.928892991638,,,-,1.0916595140409167,,,0.1356956309635825,1.0916595140409167,,inf,0.9973516496727305,6,0.0
102Ah_45degC_1C_cell1,45.0,1.0,95,L5 calendaire (p fixe),485,485,0,0.18160711182369427,,1431.0450304543147,,,-,38.63304674697678,,,6.092479879119161,38.63304674697678,,inf,0.9911233714419806,6,0.0
102Ah_45degC_1C_cell1,45.0,1.0,90,L0 baseline s0-b*n^0.8,1407,1381,0,0.46207251227852586,,5486.306123016254,,,-,0.9373353299135908,,,0.4445186262748899,0.9373353299135908,,207484.5630557347,0.8945725531422307,2,0.0
102Ah_45degC_1C_cell1,45.0,1.0,90,L1 puissance p libre,1407,1381,0,0.14015805774746085,,,,,-,0.7936923165542961,,,0.03561395310566606,0.7936923165542961,,550004.3907502831,0.9979688579786677,3,0.0
102Ah_45degC_1C_cell1,45.0,1.0,90,L2 double exponentielle,1407,1381,0,0.09820262492233828,,4526.8677616327395,,,-,0.31973860723673264,,,0.01671638788455798,0.31973860723673264,,7.838855004135717e+16,0.9871356545238458,5,0.0
102Ah_45degC_1C_cell1,45.0,1.0,90,L3 sqrt+lineaire+knee,1407,1381,0,0.1642355365987035,,7311.585705874191,,,-,0.4210165412775551,,,0.1522971280826319,0.4210165412775551,,4.7549279682492846e+23,0.9979244817869164,6,0.0
102Ah_45degC_1C_cell1,45.0,1.0,90,L4 puissance p libre+knee,1407,1381,0,0.042965381235390045,,2784.017231308726,,,-,1.3140611446266397,,,0.08410621204815727,1.3140611446266397,,747944604451.346,0.9973922124029823,6,0.0
102Ah_45degC_1C_cell1,45.0,1.0,90,L5 calendaire (p fixe),1407,1381,0,0.1546723379335779,,5811.293051851315,,,-,0.37935227744192473,,,0.16102720840155554,0.37935227744192473,,2.8091206424493527e+18,0.9999211876004117,6,0.0
102Ah_45degC_1C_cell1,45.0,1.0,85,L0 baseline s0-b*n^0.8,2368,2295,0,0.3864541566292643,,5816.935856260846,,,-,0.9876365981220094,,,0.6031866990385315,0.9876365981220094,,472151.6833531352,0.8937134850272158,2,0.0
102Ah_45degC_1C_cell1,45.0,1.0,85,L1 puissance p libre,2368,2295,0,0.27052765687569114,,7268.0754489858955,,,-,0.5440360004997163,,,0.26708076304239825,0.5440360004997163,,577008.308629768,0.9985620597088298,3,0.0
102Ah_45degC_1C_cell1,45.0,1.0,85,L2 double exponentielle,2368,2295,0,0.10689870549103088,,4822.742208364216,,,-,0.26938374508199286,,,0.16307313076040175,0.26938374508199286,,2.3775702836277884e+16,0.9692475283831026,5,0.0
102Ah_45degC_1C_cell1,45.0,1.0,85,L3 sqrt+lineaire+knee,2368,2295,0,0.13097843629217007,,3841.2505701457517,,,-,0.35071198327261366,,,0.22043087448257148,0.35071198327261366,,367991266191194.7,0.97993244532965,6,0.0
102Ah_45degC_1C_cell1,45.0,1.0,85,L4 puissance p libre+knee,2368,2295,0,0.04908928471483617,,4100.065591768347,,,-,0.15730056908349577,,,0.1081779767232271,0.15730056908349577,,1732621075359.797,0.9975405013912593,6,0.0
102Ah_45degC_1C_cell1,45.0,1.0,85,L5 calendaire (p fixe),2368,2295,0,0.12380583374723157,,3876.64277081121,,,-,0.3327786129542556,,,0.20960842891745196,0.3327786129542556,,18517837806343.023,0.9907408150601069,6,0.0
102Ah_45degC_1C_cell1,45.0,1.0,80,L0 baseline s0-b*n^0.8,2396,2323,0,0.3844361873483103,,5812.860759684149,,,-,0.9862121044443157,,,0.6017759170960055,0.9862121044443157,,481549.9785099113,0.8936979770445522,2,0.0
102Ah_45degC_1C_cell1,45.0,1.0,80,L1 puissance p libre,2396,2323,0,0.2764066298046514,,7169.72509878955,,,-,0.5543883617734087,,,0.27798173196875725,0.5543883617734087,,601392.4124824645,0.9985792837431712,3,0.0
102Ah_45degC_1C_cell1,45.0,1.0,80,L2 double exponentielle,2396,2323,0,0.10630917510476007,,4821.978804604808,,,-,0.2691716620310423,,,0.16286248692628225,0.2691716620310423,,2.282017498801813e+16,0.9678939923330895,5,0.0
102Ah_45degC_1C_cell1,45.0,1.0,80,L3 sqrt+lineaire+knee,2396,2323,0,0.13026349710632892,,3817.5192302146856,,,-,0.3506337873447066,,,0.2203702902383777,0.3506337873447066,,313177274964536.5,0.9799301225933839,6,0.0
102Ah_45degC_1C_cell1,45.0,1.0,80,L4 puissance p libre+knee,2396,2323,0,0.049070808014734256,,4083.373989868994,,,-,0.15734895852423672,,,0.10827815050950247,0.15734895852423672,,1543278178630.3098,0.9975371644334149,6,0.0
102Ah_45degC_1C_cell1,45.0,1.0,80,L5 calendaire (p fixe),2396,2323,0,0.12314935354766769,,3853.0986916403804,,,-,0.3326620010237284,,,0.2095126474760607,0.3326620010237284,,15629939549864.797,0.9907403574360937,6,0.0
102Ah_55degC_1C_cell3,55.0,1.0,95,L0 baseline s0-b*n^0.8,218,216,0,0.2988242169130942,2218.04347826087,1896.2689380306083,-321.77454023026166,14.50713402978735,pessimiste,6.627382494807146,6.53181761806482,-6.4639808787252875,0.46298653569857695,6.4071385937382646,5.748102182527216,10752.134221029824,0.8968062221388321,2,0.0
102Ah_55degC_1C_cell3,55.0,1.0,95,L1 puissance p libre,218,216,0,0.03070088112192016,2218.04347826087,11857.24606528971,9639.20258702884,434.58131824299375,optimiste,7.132767928499923,11.766936890504955,11.422978633482714,1.1673079659086305,9.132598787068835,13.896953967697973,241076.90482330087,0.9969306414934971,3,0.0
102Ah_55degC_1C_cell3,55.0,1.0,95,L2 double exponentielle,218,216,0,0.05362959554993489,2218.04347826087,1579.7228270967075,-638.3206511641624,28.77854548030135,pessimiste,10.979070519628605,15.236810048177748,-15.201887803294415,0.5464539478530668,11.79236243854239,15.625407917115021,1.3462977673343698e+17,0.9983622258315095,5,0.0
102Ah_55degC_1C_cell3,55.0,1.0,95,L3 sqrt+lineaire+knee,218,216,0,0.10519007535181955,2218.04347826087,1660.135621480291,-557.9078567805789,25.15315241782478,pessimiste,39.812651275534115,69.24481653447465,-72.26650000000001,6.995092479073776,43.96751674162425,68.65910121768646,inf,0.9806764891853661,6,0.0
102Ah_55degC_1C_cell3,55.0,1.0,95,L4 puissance p libre+knee,218,216,0,0.029865557730660446,2218.04347826087,401.6212974345713,-1816.4221808262987,81.89299256886183,pessimiste,78.80634419990281,74.63612706510017,-74.64,8.540000533267076,77.8612338530263,72.46447403209656,4.122604210959683e+28,1.0000000000000002,6,0.0
102Ah_55degC_1C_cell3,55.0,1.0,95,L5 calendaire (p fixe),218,216,0,0.09997657392977363,2218.04347826087,854.1303159566554,-1363.9131623042144,61.49172347936279,pessimiste,49.76300409275915,55.15673177863243,-55.14,2.598263873943843,49.59524894545958,53.00957988183266,inf,0.9914529834018532,6,0.0
102Ah_55degC_1C_cell3,55.0,1.0,90,L0 baseline s0-b*n^0.8,909,686,0,0.43347191435222887,2218.04347826087,3318.4385653595914,1100.3950870987214,49.611069299756124,optimiste,3.217205349565744,5.4204131632104895,5.014721358398077,0.6269321277380158,4.573741798394413,7.063635410002894,114255.52865528097,0.8888371209890403,2,0.0
102Ah_55degC_1C_cell3,55.0,1.0,90,L1 puissance p libre,909,686,0,0.07597660585357563,2218.04347826087,7111.309753654161,4893.266275393291,220.61182854855565,optimiste,5.84608565506807,9.805069205811167,9.438930011955442,1.0315447689762705,7.709595522672275,11.848176765404766,461106.8718141418,0.99831642533512,3,0.0
102Ah_55degC_1C_cell3,55.0,1.0,90,L2 double exponentielle,909,686,0,0.11241968293135109,2218.04347826087,2976.3256124541585,758.2821341932886,34.186982429570975,optimiste,3.0987447900955507,5.2911771761625275,4.969437387115299,0.5913560386372549,4.320128163826743,6.710508303683312,1.4293106123369811e+17,0.9984469728117908,5,0.0
102Ah_55degC_1C_cell3,55.0,1.0,90,L3 sqrt+lineaire+knee,909,686,0,0.10000667017683167,2218.04347826087,2898.8958527212158,680.8523744603458,30.696078825027833,optimiste,5.4189353750232945,9.110602250487725,8.809819469271964,0.9638751507755119,7.060091715609387,10.866119077337256,inf,0.9848872259035474,6,0.0
102Ah_55degC_1C_cell3,55.0,1.0,90,L4 puissance p libre+knee,909,686,0,0.026254586429996306,2218.04347826087,2102.4269379144534,-115.61654034641651,5.212546168710339,pessimiste,1.383334827814454,2.2957729053536884,-1.3474399867767346,0.2777280644309883,3.572555146026165,5.431491908288156,1989264298473.7747,0.9967282935086691,6,0.0
102Ah_55degC_1C_cell3,55.0,1.0,90,L5 calendaire (p fixe),909,686,0,0.08612808565989584,2218.04347826087,1717.3738736259475,-500.6696046349225,22.572578470260147,pessimiste,25.030916083363383,43.23312079061631,-50.08,4.580860315840926,28.673105414846212,44.69704974379728,251838189824028.3,0.9955270949452295,6,0.0
102Ah_55degC_1C_cell3,55.0,1.0,85,L0 baseline s0-b*n^0.8,1489,1266,0,0.369750522087308,2218.04347826087,3552.355566409216,1334.312088148346,60.15716559328032,optimiste,3.7707297041889873,6.3492886430728035,5.977356402752029,0.7399689525318918,5.2108042723740775,8.038080028718445,301507.54489530285,0.9096261543386936,2,0.0
102Ah_55degC_1C_cell3,55.0,1.0,85,L1 puissance p libre,1489,1266,0,0.22427498825842723,2218.04347826087,4405.067986145537,2187.0245078846674,98.60151657619787,optimiste,4.458157746337374,7.564228415386866,7.184177436982871,0.8330279818436757,6.093216241638656,9.428060076870016,436539.91787141835,0.9983227629456135,3,0.0
102Ah_55degC_1C_cell3,55.0,1.0,85,L2 double exponentielle,1489,1266,0,0.08912191990181911,2218.04347826087,3058.6779621101496,840.6344838492796,37.89981991283628,optimiste,3.3590693698795113,5.724689806659441,5.407947046274579,0.6365349618773566,4.631755144399269,7.186128159178162,1.8852246747081676e+16,0.9957590993745757,5,0.0
102Ah_55degC_1C_cell3,55.0,1.0,85,L3 sqrt+lineaire+knee,1489,1266,0,0.07576125798443849,2218.04347826087,2445.1436953286284,227.10021706775842,10.238763094302545,optimiste,2.399485716757946,4.082699741419715,4.063928968466847,0.44506166160140626,2.905734530131309,4.509393195353596,106195596614152.28,0.9859791384085244,6,0.0
102Ah_55degC_1C_cell3,55.0,1.0,85,L4 puissance p libre+knee,1489,1266,0,0.03722923608855547,2218.04347826087,2555.054189373372,337.0107111125021,15.194053426614815,optimiste,2.5931171710987027,4.420278482229986,4.285029862114037,0.48650955633950943,3.369284050625323,5.232257640472973,2076636037201.3328,0.9925049333562066,6,0.0
102Ah_55degC_1C_cell3,55.0,1.0,85,L5 calendaire (p fixe),1489,1266,0,0.06806659765507514,2218.04347826087,2450.5152006938147,232.47172243294472,10.480936226517157,optimiste,2.4052128503045034,4.093817546536186,4.067894830481009,0.4461509154634238,2.9281088874051653,4.544979558660787,5499000772781.974,0.9934536924460851,6,0.0
102Ah_55degC_1C_cell3,55.0,1.0,80,L0 baseline s0-b*n^0.8,1777,1552,20,0.6117840121759203,2218.04347826087,3340.9893172363395,1122.9458389754695,50.62776496410035,optimiste,3.298169740723258,5.571391269390255,5.175563010923838,0.6426885757218619,4.665776873686285,7.212848283576021,404225.18088564556,0.9120237829256054,2,0.0
102Ah_55degC_1C_cell3,55.0,1.0,80,L1 puissance p libre,1777,1552,20,0.6047668017494523,2218.04347826087,3219.4895909388692,1001.4461126779993,45.14997665704985,optimiste,3.1657644680392303,5.31368414948564,4.923424254909108,0.6292114995377514,4.477732527598798,6.903556011273356,3043201.478915667,0.9986584951071301,3,0.0
102Ah_55degC_1C_cell3,55.0,1.0,80,L2 double exponentielle,1777,1552,20,0.2122910842336256,2218.04347826087,2194.7910206336924,-23.25245762717759,1.0483319130159454,pessimiste,0.4253204128354975,0.4263155088395913,0.4091254100599855,0.15177351020716306,0.9947100095920511,1.4052067414348333,53164171244.61108,0.998513354203787,5,0.0
102Ah_55degC_1C_cell3,55.0,1.0,80,L3 sqrt+lineaire+knee,1777,1552,20,0.09650401601404873,2218.04347826087,2031.6827502754281,-186.36072798544183,8.402032233000414,pessimiste,3.826568758543386,6.396481012193258,-3.2391307241059835,0.8405697961845693,11.189226480199684,16.935828559421914,277784011427810.66,0.9805713402466987,6,0.0
102Ah_55degC_1C_cell3,55.0,1.0,80,L4 puissance p libre+knee,1777,1552,20,0.09074309731374956,2218.04347826087,2049.9143738428675,-168.1291044180025,7.5800635138960235,pessimiste,2.985612109454221,4.995780920492944,-2.5118728403794464,0.6530583774173815,8.583624948962296,13.013444377904221,2067689673332.3599,0.9973339766103871,6,0.0
102Ah_55degC_1C_cell3,55.0,1.0,80,L5 calendaire (p fixe),1777,1552,20,0.0950704625518502,2218.04347826087,2040.039080581108,-178.00439767976195,8.025288928030038,pessimiste,3.4109049223576604,5.704718377539595,-2.889393838935355,0.7475944038723177,9.865898914307564,14.946394131408903,13285420308865.637,0.9908032447748002,6,0.0
