troncature_pct,cell_id,cycles_vus,n70_vrai,n70_pred,err_cycles,sens,ape_pct
95,102Ah_25degC_0p5C_cell3,693,,3306.306415109998,,-,
95,102Ah_25degC_1C_cell3,741,5141.96,2668.339373699542,-2473.620626300458,pessimiste,48.106570768743005
95,102Ah_35degC_1C_cell1,778,5108.240070350285,3114.2628880949987,-1993.9771822552866,pessimiste,39.03452372626165
95,102Ah_45degC_0p5C_cell3,493,3544.214285714286,1827.667925711077,-1716.5463600032087,pessimiste,48.432352606954844
95,102Ah_45degC_1C_cell1,485,,2185.8867396163528,,-,
95,102Ah_55degC_1C_cell3,218,2218.04347826087,1207.3672582034135,-1010.6762200574565,pessimiste,45.56611400827501
90,102Ah_25degC_1C_cell3,1886,5141.96,5070.1658043029565,-71.7941956970435,pessimiste,1.3962418162926882
90,102Ah_35degC_1C_cell1,1913,5108.240070350285,5379.7429876214555,271.5029172711702,optimiste,5.314999168638378
90,102Ah_45degC_0p5C_cell3,1409,3544.214285714286,3805.1790870184527,260.96480130416694,optimiste,7.363121421750413
90,102Ah_45degC_1C_cell1,1407,,3464.577877107252,,-,
90,102Ah_55degC_1C_cell3,909,2218.04347826087,2621.0843609791764,403.0408827183064,optimiste,18.17100911990796
85,102Ah_25degC_1C_cell3,3332,5141.96,5652.162649177975,510.2026491779752,optimiste,9.922337964083253
85,102Ah_35degC_1C_cell1,3152,5108.240070350285,5477.74876179927,369.5086914489848,optimiste,7.233581162203416
85,102Ah_45degC_0p5C_cell3,2234,3544.214285714286,3887.6716289637393,343.4573432494535,optimiste,9.690648351422539
85,102Ah_45degC_1C_cell1,2368,,3394.5374845394954,,-,
85,102Ah_55degC_1C_cell3,1489,2218.04347826087,2666.6538067003044,448.6103284394344,optimiste,20.22549750878563
80,102Ah_25degC_1C_cell3,4329,5141.96,6836.098150028881,1694.1381500288808,optimiste,32.94732261684029
80,102Ah_35degC_1C_cell1,4344,5108.240070350285,6695.433075709372,1587.1930053590868,optimiste,31.07122968968545
80,102Ah_45degC_0p5C_cell3,2859,3544.214285714286,2922.1898217173134,-622.0244639969724,pessimiste,17.550419186113412
80,102Ah_55degC_1C_cell3,1777,2218.04347826087,2333.294916595472,115.25143833460197,optimiste,5.196085625200127
