cellule,modele,pts_note,pts_tout,rmse_note,rmse_tout,rmse_zone_basse_note,rmse_zone_basse_tout,biais_zone_basse_note,biais_zone_basse_tout
25degC_0p5C c3,ancrage,988,988,2.475955701598499,2.475955701598499,,,,
25degC_0p5C c3,baseline,988,988,1.5629171810739726,1.5629171810739726,,,,
25degC_1C c3,ancrage,3989,4155,4.499034510067681,4.544509249686071,8.025549212490294,7.6317560986513735,-8.05514803800751,-7.888804836519682
25degC_1C c3,baseline,3989,4155,6.1362787967198935,6.894701840825852,10.379346809132342,11.832233955726297,9.462655624286903,10.026246869275674
35degC_1C c1,ancrage,5107,5354,11.421315353317464,12.481953861432299,22.736425481925043,23.596190529472526,-22.79896918863889,-23.640379967480527
35degC_1C c1,baseline,5107,5354,2.6861226767187234,2.6701866692761826,3.567498048102998,3.3058142890169404,-3.673918566127554,-3.3263724276312843
45degC_0p5C c3,ancrage,3486,4296,2.357522094296202,4.788546493229011,4.29306392629127,7.839830002463881,-4.3890394698206805,-5.61964340029067
45degC_0p5C c3,baseline,3486,4296,4.770634280666253,4.40225318184627,4.793955436146501,3.623703256029878,-4.9113646212842355,-1.278360809217233
45degC_1C c1,ancrage,2323,2323,1.7858417189800186,1.7858417189800186,,,,
45degC_1C c1,baseline,2323,2323,2.622285255019768,2.622285255019768,,,,
55degC_1C c3,ancrage,1984,2176,6.300169413698427,7.668423356390566,11.03380195175021,12.772893969980755,10.77740097588866,12.5068029952931
55degC_1C c3,baseline,1984,2176,6.053101966591084,7.494689601768512,10.967419147866817,12.753562472322406,10.699640069883067,12.470582149630438
