cellule,modele,rmse_quasi_lineaire,rmse_pre_knee,rmse_post_knee,biais_median_quasi_lineaire,biais_median_pre_knee,biais_median_post_knee
25degC_0p5C_cell3,ancrage,2.475955701598499,,,2.604248507214294,,
25degC_0p5C_cell3,baseline,1.5629171810739726,,,1.5824043102059946,,
25degC_1C_cell3,ancrage,1.2172257167882645,4.047119833913682,7.6317560986513735,1.1689823574965885,-3.1112540134303117,-7.888804836519682
25degC_1C_cell3,baseline,3.2773334220247268,5.425706284930877,11.832233955726297,3.317414190095562,5.151526345548781,10.026246869275674
35degC_1C_cell1,ancrage,1.6017030011596887,10.46706128075766,23.596190529472526,-0.5396459313748707,-7.43524942861238,-23.640379967480527
35degC_1C_cell1,baseline,1.0087593123248255,3.218314825358754,3.3058142890169404,0.017625882295014605,-3.167131743211513,-3.3263724276312843
45degC_0p5C_cell3,ancrage,1.2927857553715607,1.776877326993957,7.839830002463881,0.8609453367888378,-1.821726731833344,-5.61964340029067
45degC_0p5C_cell3,baseline,2.375399311949698,6.260395539960037,3.623703256029878,-1.6017144741407137,-6.466663968683292,-1.278360809217233
45degC_1C_cell1,ancrage,1.3930294940676773,2.240504673132778,,0.9934486261346649,-2.2304717219804004,
45degC_1C_cell1,baseline,1.3632986435110752,3.772614367848507,,0.2618410056731477,-3.762442011102763,
55degC_1C_cell3,ancrage,3.373809248682896,4.6028146624156205,12.772893969980755,3.660460559137654,4.011135036623642,12.5068029952931
55degC_1C_cell3,baseline,2.665007777090578,4.279345258769816,12.753562472322406,2.9779651431524954,3.6558020126373947,12.470582149630438
