b,soh_k,g,tau_frac,n_k,g_scaled,s0,rmse,cell_id,n_points,soh_min
0.058809989262966024,60.000000003253135,0.004964241462911548,2.176220888516642,3473.450498671099,17.243046984873864,100.0,1.038285637477666,WHEELER_Cell1a,31,63.92864778828336
0.07140600742473416,60.00000000000001,6.869997304299807e-13,4.9999998852053285,2725.2512702454896,1.872246888012614e-09,100.0,1.1607144434163057,WHEELER_Cell1b,33,55.86284540005097
0.061664685945209324,60.1724812428769,2.129594236647406e-05,4.983184172372432,3255.9925951364444,0.06933943065169203,100.0,1.2481024797202016,WHEELER_Cell1c,32,62.38459632853935
0.07012781522568257,73.70535553050269,1.289831723935304e-19,1.5488175645195508,1649.9517438114324,2.1281601021303608e-16,100.0,0.7963927781517516,WHEELER_Cell2a,32,55.00959534895685
0.07285941181767416,60.00000000000001,1.0457070031320635e-12,4.999999857315302,2657.4672005053662,2.7789320621622213e-09,100.0,0.9251763969979334,WHEELER_Cell2b,33,54.56584947970471
0.06793689167635632,60.00000000000001,7.82662403807841e-12,4.9999988774668465,2900.2998379478563,2.269955642931761e-08,100.0,0.7110760684154782,WHEELER_Cell2c,32,56.57587956725533
0.0672694570629306,60.00000000000001,5.850818877321385e-12,4.9999990080481,2936.3146104183115,1.7179844952390047e-08,100.0,1.5560112371723935,WHEELER_Cell3a,39,53.11014849634367
0.06359384220424844,60.00000000000001,4.700911585796937e-13,4.999999921125931,3149.968116922892,1.4807721615733785e-09,100.0,1.6527623607733062,WHEELER_Cell3b,40,56.03065364934506
0.058857986762303624,60.000000054025136,1.551008159662871e-15,4.999999998056612,3469.9101932542417,5.3818590230346985e-12,100.0,0.7496270882816756,WHEELER_Cell4a,43,53.33117837897501
0.07121543111173365,68.57347293502454,3.395446186744192e-14,4.999999998449543,2022.5667007526959,6.867516391506523e-11,100.0,1.6093680611597971,WHEELER_Cell4b,45,44.26977841231505
0.06169346916865614,79.71666575234711,0.0007881946193034318,4.990378479618104,1399.9908391144966,1.1034652464641426,100.0,0.8792412377344356,WHEELER_Cell4c,44,48.006270821085636
0.06824451229212739,60.09652606745075,1.5483438295012067e-15,4.999894513081459,2875.270541694199,4.451907401378805e-12,100.0,1.0992354760039091,WHEELER_Cell5a,42,48.4499195973988
0.06071399660818936,60.00000000000001,2.9978433131731307e-13,4.999999949329858,3337.8280624141807,1.000628553742998e-09,100.0,1.0006428880524143,WHEELER_Cell5b,41,54.92923152189824
0.06152710090515271,60.00000000000001,4.521209228323014e-12,4.999999245458245,3282.781097770327,1.4842140193803558e-08,100.0,0.8850943184146353,WHEELER_Cell5c,41,54.02574939415887
0.05848103863894468,76.24830498704219,0.0007003731786804825,4.999999999153308,1823.2633975720055,1.276964781329282,100.0,1.841313661706111,WHEELER_Cell6a,63,35.49255499255201
0.04792184750112934,60.00000082577979,2.5356900396376662e-14,4.999999995334832,4486.503769411813,1.1376382920894379e-10,100.0,1.448781851907732,WHEELER_Cell6b,66,48.081453939595534
0.04538770877036032,79.359652085829,0.0016106669121253344,4.995899272552661,2100.0200559582104,3.3824328189314827,100.0,1.5157022947348975,WHEELER_Cell6c,66,41.47701420098505
0.11236579236909032,78.56127798412682,0.001301493014021391,4.999999999999154,709.0975225025232,0.92288547179691,100.0,3.5531721056403107,WHEELER_Cell7a,32,31.349227338937396
0.07669909122637973,80.73401143945193,0.0038265588640150152,4.987617615435535,1000.0031081078481,3.8265707573726515,100.0,1.3557590009382907,WHEELER_Cell7b,34,41.88551826031302
0.09057082144961486,80.14882300988377,0.0010876355733776836,4.999999999014591,843.3297934547766,0.9172354834506694,100.0,2.4190670868584556,WHEELER_Cell7c,34,41.085989603497744
